,사고번호,사고일시,요일,시군구,사고내용,사망자수,중상자수,경상자수,부상신고자수,사고유형,법규위반,노면상태,기상상태,도로형태,가해운전자 차종,가해운전자 성별,가해운전자 연령,가해운전자 상해정도,피해운전자 차종,피해운전자 성별,피해운전자 연령,피해운전자 상해정도
7412,2020031200100122,2020년 3월 12일 09시,목요일,부산광역시 남구 용호동,경상사고,0,0,1,0,차대사람 - 기타,보행자보호의무위반,포장 - 건조,맑음,단일로 - 기타,승용,남,71세,상해없음,보행자,남,56세,경상
7413,2020031200100242,2020년 3월 12일 13시,목요일,부산광역시 연제구 거제동,부상신고사고,0,0,0,2,차대사람 - 기타,보행자보호의무위반,포장 - 건조,맑음,단일로 - 기타,승용,여,39세,상해없음,보행자,남,39세,부상신고
7414,2020031200100475,2020년 3월 12일 20시,목요일,부산광역시 서구 부민동3가,중상사고,0,1,0,0,차대사람 - 횡단중,안전운전불이행,포장 - 건조,맑음,단일로 - 기타,승용,남,74세,상해없음,보행자,남,59세,중상
7415,2020031200100476,2020년 3월 12일 20시,목요일,부산광역시 남구 대연동,경상사고,0,0,1,0,차대사람 - 횡단중,신호위반,포장 - 건조,맑음,단일로 - 기타,이륜,남,40세,상해없음,보행자,여,33세,경상
7416,2020031300100089,2020년 3월 13일 09시,금요일,부산광역시 금정구 장전동,중상사고,0,1,0,0,차대사람 - 횡단중,안전운전불이행,포장 - 건조,맑음,교차로 - 교차로안,승용,여,72세,상해없음,보행자,여,81세,중상
7417,2020031300100206,2020년 3월 13일 13시,금요일,부산광역시 부산진구 부전동,경상사고,0,0,1,0,차대사람 - 횡단중,보행자보호의무위반,포장 - 건조,맑음,교차로 - 교차로안,화물,남,54세,상해없음,보행자,여,20세,경상
7418,2020031300100291,2020년 3월 13일 16시,금요일,부산광역시 북구 구포동,중상사고,0,1,0,0,차대사람 - 기타,안전운전불이행,포장 - 건조,맑음,단일로 - 기타,화물,남,48세,상해없음,보행자,여,69세,중상
7419,2020031300100292,2020년 3월 13일 16시,금요일,부산광역시 연제구 연산동,중상사고,0,1,0,0,차대사람 - 횡단중,보행자보호의무위반,포장 - 건조,맑음,교차로 - 교차로횡단보도내,승용,남,30세,상해없음,보행자,여,26세,중상
7420,2020031300100331,2020년 3월 13일 17시,금요일,부산광역시 사상구 모라동,경상사고,0,0,1,0,차대사람 - 차도통행중,안전운전불이행,포장 - 건조,맑음,기타 - 기타,승용,남,60세,상해없음,보행자,여,24세,경상
7421,2020031300100360,2020년 3월 13일 18시,금요일,부산광역시 수영구 남천동,부상신고사고,0,0,0,1,차대사람 - 기타,안전운전불이행,포장 - 건조,맑음,단일로 - 기타,기타불명,기타불명,미분류,기타불명,보행자,여,29세,부상신고
7422,2020031300100433,2020년 3월 13일 20시,금요일,부산광역시 부산진구 당감동,경상사고,0,0,1,0,차대사람 - 기타,안전운전불이행,포장 - 건조,맑음,단일로 - 기타,이륜,남,16세,상해없음,보행자,여,23세,경상
7423,2020031300100492,2020년 3월 13일 22시,금요일,부산광역시 수영구 광안동,경상사고,0,0,1,0,차대사람 - 기타,기타,포장 - 건조,맑음,단일로 - 기타,승용,남,49세,상해없음,보행자,여,23세,경상
7424,2020031300100493,2020년 3월 13일 22시,금요일,부산광역시 사상구 덕포동,경상사고,0,0,1,0,차대사람 - 횡단중,안전운전불이행,포장 - 건조,맑음,교차로 - 교차로안,승용,남,65세,상해없음,보행자,남,50세,경상
7425,2020031400100005,2020년 3월 14일 00시,토요일,부산광역시 부산진구 양정동,부상신고사고,0,0,0,1,차대사람 - 횡단중,안전운전불이행,포장 - 건조,맑음,단일로 - 기타,기타불명,기타불명,미분류,기타불명,보행자,남,55세,부상신고
7426,2020031400100104,2020년 3월 14일 08시,토요일,부산광역시 해운대구 우동,중상사고,0,1,0,0,차대사람 - 길가장자리구역통행중,안전운전불이행,포장 - 건조,맑음,단일로 - 기타,승용,남,68세,기타불명,보행자,여,48세,중상
7427,2020031400100204,2020년 3월 14일 12시,토요일,부산광역시 기장군 정관읍,경상사고,0,0,1,0,차대사람 - 기타,안전운전불이행,포장 - 건조,맑음,교차로 - 교차로부근,승용,남,34세,상해없음,보행자,여,60세,경상
7428,2020031400100269,2020년 3월 14일 14시,토요일,부산광역시 사상구 감전동,중상사고,0,1,0,0,차대사람 - 횡단중,보행자보호의무위반,포장 - 건조,맑음,교차로 - 교차로횡단보도내,승용,남,63세,상해없음,보행자,남,57세,중상
7429,2020031500100008,2020년 3월 15일 00시,일요일,부산광역시 연제구 연산동,경상사고,0,0,1,0,차대사람 - 기타,안전운전불이행,포장 - 건조,맑음,단일로 - 기타,승용,남,59세,상해없음,보행자,남,29세,경상
7430,2020031500100087,2020년 3월 15일 09시,일요일,부산광역시 영도구 동삼동,중상사고,0,1,0,0,차대사람 - 횡단중,안전운전불이행,포장 - 건조,맑음,기타 - 기타,승용,여,43세,상해없음,보행자,여,61세,중상
7431,2020031500100153,2020년 3월 15일 14시,일요일,부산광역시 사하구 감천동,중상사고,0,1,0,0,차대사람 - 횡단중,보행자보호의무위반,포장 - 건조,맑음,교차로 - 교차로안,승용,남,30세,상해없음,보행자,여,71세,중상
7432,2020031500100179,2020년 3월 15일 15시,일요일,부산광역시 사하구 하단동,경상사고,0,0,1,0,차대사람 - 기타,안전운전불이행,포장 - 건조,맑음,단일로 - 지하차도(도로)내,승용,남,61세,상해없음,보행자,남,66세,경상
7433,2020031500100292,2020년 3월 15일 20시,일요일,부산광역시 동래구 안락동,중상사고,0,1,0,0,차대사람 - 횡단중,안전운전불이행,포장 - 건조,맑음,교차로 - 교차로횡단보도내,승용,남,48세,상해없음,보행자,여,60세,중상
7434,2020031600100078,2020년 3월 16일 08시,월요일,부산광역시 서구 토성동5가,경상사고,0,0,1,0,차대사람 - 길가장자리구역통행중,안전운전불이행,포장 - 건조,맑음,단일로 - 기타,화물,여,57세,상해없음,보행자,여,54세,경상
7435,2020031600100079,2020년 3월 16일 08시,월요일,부산광역시 금정구 구서동,중상사고,0,1,0,0,차대사람 - 길가장자리구역통행중,안전운전불이행,포장 - 건조,맑음,단일로 - 기타,승용,남,77세,상해없음,보행자,여,67세,중상
7436,2020031600100116,2020년 3월 16일 09시,월요일,부산광역시 동구 초량동,중상사고,0,1,0,0,차대사람 - 횡단중,안전운전불이행,포장 - 건조,맑음,단일로 - 기타,승용,여,25세,상해없음,보행자,여,73세,중상
7437,2020031600100238,2020년 3월 16일 13시,월요일,부산광역시 북구 구포동,중상사고,0,1,0,0,차대사람 - 기타,보행자보호의무위반,포장 - 건조,맑음,단일로 - 기타,승용,여,37세,상해없음,보행자,여,57세,중상
7438,2020031600100394,2020년 3월 16일 18시,월요일,부산광역시 금정구 구서동,경상사고,0,0,1,0,차대사람 - 기타,안전운전불이행,포장 - 건조,맑음,기타 - 기타,승용,남,55세,상해없음,보행자,남,59세,경상
7439,2020031600100477,2020년 3월 16일 20시,월요일,부산광역시 중구 보수동1가,중상사고,0,1,0,0,차대사람 - 차도통행중,안전운전불이행,포장 - 건조,맑음,단일로 - 기타,승용,남,29세,상해없음,보행자,여,62세,중상
7440,2020031700100013,2020년 3월 17일 01시,화요일,부산광역시 사하구 하단동,경상사고,0,0,1,0,차대사람 - 기타,안전운전불이행,포장 - 건조,맑음,단일로 - 기타,승용,남,66세,상해없음,보행자,남,21세,경상
7441,2020031700100030,2020년 3월 17일 04시,화요일,부산광역시 사하구 하단동,경상사고,0,0,1,0,차대사람 - 기타,기타,포장 - 건조,맑음,교차로 - 교차로부근,승용,남,19세,상해없음,보행자,남,36세,경상
7442,2020031700100060,2020년 3월 17일 07시,화요일,부산광역시 서구 암남동,부상신고사고,0,0,0,1,차대사람 - 횡단중,안전운전불이행,포장 - 건조,맑음,단일로 - 기타,화물,남,45세,상해없음,보행자,남,74세,부상신고
7443,2020031700100061,2020년 3월 17일 07시,화요일,부산광역시 동래구 사직동,경상사고,0,0,1,0,차대사람 - 기타,안전운전불이행,포장 - 건조,맑음,단일로 - 기타,승용,남,53세,상해없음,보행자,남,24세,경상
7444,2020031700100166,2020년 3월 17일 12시,화요일,부산광역시 연제구 연산동,경상사고,0,0,1,0,차대사람 - 길가장자리구역통행중,안전운전불이행,포장 - 건조,맑음,단일로 - 기타,승용,남,81세,상해없음,보행자,여,43세,경상
7445,2020031700100183,2020년 3월 17일 13시,화요일,부산광역시 금정구 서동,경상사고,0,0,1,0,차대사람 - 보도통행중,안전운전불이행,포장 - 건조,맑음,교차로 - 교차로안,승용,남,72세,상해없음,보행자,여,76세,경상
7446,2020031700100244,2020년 3월 17일 15시,화요일,부산광역시 중구 대청동4가,경상사고,0,0,1,0,차대사람 - 횡단중,신호위반,포장 - 건조,맑음,단일로 - 기타,이륜,남,18세,상해없음,보행자,남,26세,경상
7447,2020031700100368,2020년 3월 17일 19시,화요일,부산광역시 사하구 하단동,중상사고,0,1,0,0,차대사람 - 보도통행중,신호위반,포장 - 건조,맑음,단일로 - 지하차도(도로)내,이륜,남,30세,상해없음,보행자,여,47세,중상
7448,2020031800100079,2020년 3월 18일 08시,수요일,부산광역시 부산진구 부암동,중상사고,0,1,0,0,차대사람 - 횡단중,안전운전불이행,포장 - 건조,맑음,교차로 - 교차로횡단보도내,원동기,남,22세,상해없음,보행자,여,62세,중상
7449,2020031800100131,2020년 3월 18일 10시,수요일,부산광역시 사상구 괘법동,중상사고,0,1,0,0,차대사람 - 횡단중,신호위반,포장 - 건조,맑음,단일로 - 기타,승합,남,38세,상해없음,보행자,남,76세,중상
7450,2020031800100376,2020년 3월 18일 18시,수요일,부산광역시 동래구 온천동,경상사고,0,0,1,0,차대사람 - 횡단중,보행자보호의무위반,포장 - 건조,맑음,교차로 - 교차로부근,승용,남,53세,상해없음,보행자,여,40세,경상
7451,2020031800100413,2020년 3월 18일 19시,수요일,부산광역시 연제구 연산동,경상사고,0,0,1,0,차대사람 - 기타,안전운전불이행,포장 - 건조,맑음,교차로 - 교차로안,승용,남,45세,상해없음,보행자,남,42세,경상
7452,2020031900100070,2020년 3월 19일 08시,목요일,부산광역시 부산진구 양정동,중상사고,0,1,0,0,차대사람 - 횡단중,안전운전불이행,포장 - 건조,맑음,교차로 - 교차로횡단보도내,화물,남,55세,상해없음,보행자,여,70세,중상
7453,2020031900100126,2020년 3월 19일 11시,목요일,부산광역시 남구 대연동,중상사고,0,1,0,0,차대사람 - 기타,안전운전불이행,포장 - 건조,맑음,단일로 - 기타,화물,남,59세,상해없음,보행자,여,78세,중상
7454,2020031900100288,2020년 3월 19일 17시,목요일,부산광역시 북구 구포동,경상사고,0,0,1,0,차대사람 - 보도통행중,안전운전불이행,포장 - 건조,맑음,단일로 - 기타,승용,남,57세,상해없음,보행자,남,21세,경상
7455,2020032000100098,2020년 3월 20일 08시,금요일,부산광역시 사상구 학장동,중상사고,0,1,1,0,차대사람 - 횡단중,안전운전불이행,포장 - 건조,맑음,단일로 - 기타,이륜,남,29세,경상,보행자,여,69세,중상
7456,2020032000100481,2020년 3월 20일 19시,금요일,부산광역시 서구 아미동1가,부상신고사고,0,0,0,1,차대사람 - 길가장자리구역통행중,안전운전불이행,포장 - 건조,맑음,단일로 - 기타,이륜,기타불명,미분류,기타불명,보행자,여,50세,부상신고
7457,2020032000100483,2020년 3월 20일 19시,금요일,부산광역시 영도구 대교동2가,경상사고,0,0,1,0,차대사람 - 길가장자리구역통행중,안전운전불이행,포장 - 건조,맑음,단일로 - 기타,화물,남,50세,상해없음,보행자,남,55세,경상
7458,2020032100100073,2020년 3월 21일 06시,토요일,부산광역시 남구 문현동,경상사고,0,0,1,0,차대사람 - 보도통행중,보행자보호의무위반,포장 - 건조,맑음,단일로 - 기타,승용,남,66세,상해없음,보행자,남,28세,경상
7459,2020032100100137,2020년 3월 21일 10시,토요일,부산광역시 북구 덕천동,경상사고,0,0,1,0,차대사람 - 기타,안전운전불이행,포장 - 건조,맑음,단일로 - 기타,승용,남,56세,상해없음,보행자,남,58세,경상
7460,2020032100100234,2020년 3월 21일 13시,토요일,부산광역시 해운대구 재송동,경상사고,0,0,1,0,차대사람 - 기타,안전운전불이행,포장 - 건조,맑음,단일로 - 기타,승용,여,50세,상해없음,보행자,남,31세,경상
7461,2020032100100278,2020년 3월 21일 14시,토요일,부산광역시 해운대구 좌동,경상사고,0,0,1,0,차대사람 - 보도통행중,보행자보호의무위반,포장 - 건조,맑음,교차로 - 교차로부근,승용,남,53세,상해없음,보행자,남,53세,경상
7462,2020032100100315,2020년 3월 21일 15시,토요일,부산광역시 기장군 정관읍,경상사고,0,0,1,0,차대사람 - 기타,안전운전불이행,포장 - 건조,맑음,기타 - 기타,자전거,남,10세,상해없음,보행자,남,56세,경상
7463,2020032100100447,2020년 3월 21일 19시,토요일,부산광역시 기장군 일광면,중상사고,0,1,0,0,차대사람 - 기타,안전운전불이행,포장 - 건조,기타,단일로 - 기타,승합,남,36세,상해없음,보행자,남,77세,중상
7464,2020032100100500,2020년 3월 21일 21시,토요일,부산광역시 연제구 연산동,중상사고,0,2,0,0,차대사람 - 횡단중,신호위반,포장 - 건조,맑음,교차로 - 교차로횡단보도내,이륜,남,63세,상해없음,보행자,여,49세,중상
7465,2020032100100528,2020년 3월 21일 22시,토요일,부산광역시 연제구 연산동,부상신고사고,0,0,0,1,차대사람 - 횡단중,신호위반,포장 - 건조,맑음,단일로 - 기타,이륜,남,24세,기타불명,보행자,여,17세,부상신고
7466,2020032200100010,2020년 3월 22일 00시,일요일,부산광역시 사하구 다대동,중상사고,0,1,0,0,차대사람 - 기타,안전운전불이행,포장 - 건조,흐림,기타 - 기타,기타불명,기타불명,미분류,기타불명,보행자,남,65세,중상
7467,2020032200100027,2020년 3월 22일 01시,일요일,부산광역시 부산진구 개금동,경상사고,0,0,1,0,차대사람 - 기타,보행자보호의무위반,포장 - 건조,맑음,교차로 - 교차로안,승용,남,63세,상해없음,보행자,여,50세,경상
7468,2020032200100056,2020년 3월 22일 04시,일요일,부산광역시 북구 만덕동,중상사고,0,1,0,0,차대사람 - 횡단중,안전운전불이행,포장 - 건조,맑음,단일로 - 지하차도(도로)내,승용,남,33세,상해없음,보행자,남,24세,중상
7469,2020032200100195,2020년 3월 22일 14시,일요일,부산광역시 동래구 온천동,경상사고,0,0,2,0,차대사람 - 횡단중,보행자보호의무위반,포장 - 건조,맑음,교차로 - 교차로부근,승용,남,65세,상해없음,보행자,여,73세,경상
7470,2020032200100218,2020년 3월 22일 15시,일요일,부산광역시 연제구 연산동,경상사고,0,0,1,0,차대사람 - 기타,안전운전불이행,포장 - 건조,맑음,단일로 - 기타,개인형이동수단(PM),남,20세,상해없음,보행자,남,12세,경상
7471,2020032200100316,2020년 3월 22일 19시,일요일,부산광역시 해운대구 우동,경상사고,0,0,1,0,차대사람 - 횡단중,신호위반,포장 - 건조,맑음,교차로 - 교차로횡단보도내,이륜,남,19세,상해없음,보행자,남,32세,경상
7472,2020032300100153,2020년 3월 23일 10시,월요일,부산광역시 연제구 연산동,경상사고,0,0,1,0,차대사람 - 기타,안전운전불이행,포장 - 건조,맑음,단일로 - 기타,승용,여,37세,상해없음,보행자,여,56세,경상
7473,2020032300100191,2020년 3월 23일 11시,월요일,부산광역시 연제구 연산동,중상사고,0,1,0,0,차대사람 - 기타,신호위반,포장 - 건조,맑음,교차로 - 교차로안,승용,여,66세,상해없음,보행자,여,73세,중상
7474,2020032300100250,2020년 3월 23일 13시,월요일,부산광역시 영도구 대교동1가,경상사고,0,0,1,0,차대사람 - 횡단중,보행자보호의무위반,포장 - 건조,맑음,단일로 - 기타,화물,남,64세,상해없음,보행자,여,60세,경상
7475,2020032300100311,2020년 3월 23일 15시,월요일,부산광역시 사상구 덕포동,경상사고,0,0,1,0,차대사람 - 길가장자리구역통행중,안전운전불이행,포장 - 건조,맑음,미분류 - 미분류,승용,남,48세,상해없음,보행자,여,59세,경상
7476,2020032300100520,2020년 3월 23일 21시,월요일,부산광역시 동래구 안락동,중상사고,0,1,0,0,차대사람 - 횡단중,보행자보호의무위반,포장 - 건조,맑음,교차로 - 교차로횡단보도내,승용,남,33세,상해없음,보행자,여,52세,중상
7477,2020032400100016,2020년 3월 24일 01시,화요일,부산광역시 수영구 광안동,경상사고,0,0,1,0,차대사람 - 기타,기타,포장 - 건조,맑음,교차로 - 교차로안,승용,남,52세,상해없음,보행자,남,36세,경상
7478,2020032400100115,2020년 3월 24일 09시,화요일,부산광역시 부산진구 개금동,중상사고,0,1,0,0,차대사람 - 횡단중,안전운전불이행,포장 - 건조,맑음,교차로 - 교차로횡단보도내,승용,여,46세,상해없음,보행자,남,62세,중상
7479,2020032400100144,2020년 3월 24일 10시,화요일,부산광역시 연제구 연산동,경상사고,0,0,1,0,차대사람 - 길가장자리구역통행중,안전운전불이행,포장 - 건조,맑음,교차로 - 교차로부근,승용,남,68세,상해없음,보행자,여,70세,경상
7480,2020032400100177,2020년 3월 24일 11시,화요일,부산광역시 동래구 명장동,부상신고사고,0,0,0,1,차대사람 - 횡단중,안전운전불이행,포장 - 건조,맑음,단일로 - 기타,승용,남,64세,상해없음,보행자,남,75세,부상신고
7481,2020032400100374,2020년 3월 24일 17시,화요일,부산광역시 남구 문현동,중상사고,0,1,0,0,차대사람 - 기타,안전운전불이행,포장 - 건조,맑음,단일로 - 기타,승용,남,39세,상해없음,보행자,여,81세,중상
7482,2020032400100509,2020년 3월 24일 21시,화요일,부산광역시 동래구 온천동,중상사고,0,1,0,0,차대사람 - 횡단중,안전운전불이행,포장 - 건조,맑음,단일로 - 기타,승용,남,44세,상해없음,보행자,남,62세,중상
7483,2020032500100042,2020년 3월 25일 06시,수요일,부산광역시 사하구 하단동,경상사고,0,0,1,0,차대사람 - 횡단중,안전운전불이행,포장 - 건조,맑음,단일로 - 기타,승용,남,33세,상해없음,보행자,남,60세,경상
7484,2020032500100134,2020년 3월 25일 10시,수요일,부산광역시 서구 서대신동3가,경상사고,0,0,1,0,차대사람 - 길가장자리구역통행중,안전운전불이행,포장 - 건조,맑음,단일로 - 기타,승용,여,61세,상해없음,보행자,여,48세,경상
7485,2020032500100166,2020년 3월 25일 11시,수요일,부산광역시 수영구 민락동,경상사고,0,0,1,0,차대사람 - 기타,안전운전불이행,포장 - 건조,맑음,단일로 - 기타,승용,남,42세,상해없음,보행자,남,53세,경상
7486,2020032500100336,2020년 3월 25일 16시,수요일,부산광역시 북구 덕천동,중상사고,0,1,0,0,차대사람 - 기타,기타,포장 - 건조,맑음,단일로 - 기타,승용,남,67세,상해없음,보행자,여,70세,중상
7487,2020032500100370,2020년 3월 25일 17시,수요일,부산광역시 사하구 당리동,중상사고,0,1,0,0,차대사람 - 횡단중,안전운전불이행,포장 - 건조,맑음,단일로 - 기타,원동기,남,27세,상해없음,보행자,남,19세,중상
7488,2020032500100409,2020년 3월 25일 18시,수요일,부산광역시 부산진구 부전동,중상사고,0,1,0,0,차대사람 - 횡단중,신호위반,포장 - 건조,맑음,단일로 - 기타,승용,남,63세,상해없음,보행자,남,66세,중상
7489,2020032600100066,2020년 3월 26일 07시,목요일,부산광역시 북구 덕천동,경상사고,0,0,1,0,차대사람 - 횡단중,보행자보호의무위반,포장 - 건조,맑음,교차로 - 교차로횡단보도내,승용,남,48세,상해없음,보행자,여,67세,경상
7490,2020032600100185,2020년 3월 26일 12시,목요일,부산광역시 사하구 하단동,경상사고,0,0,1,0,차대사람 - 기타,안전운전불이행,포장 - 젖음/습기,비,단일로 - 기타,승용,여,52세,상해없음,보행자,남,32세,경상
7491,2020032600100235,2020년 3월 26일 14시,목요일,부산광역시 해운대구 중동,경상사고,0,0,1,0,차대사람 - 횡단중,보행자보호의무위반,포장 - 젖음/습기,비,교차로 - 교차로횡단보도내,승용,여,59세,상해없음,보행자,여,58세,경상
7492,2020032600100311,2020년 3월 26일 17시,목요일,부산광역시 남구 용호동,중상사고,0,1,0,0,차대사람 - 기타,안전운전불이행,포장 - 젖음/습기,비,단일로 - 기타,승용,남,29세,상해없음,보행자,남,63세,중상
7493,2020032600100346,2020년 3월 26일 18시,목요일,부산광역시 북구 덕천동,경상사고,0,0,1,0,차대사람 - 횡단중,안전운전불이행,포장 - 건조,맑음,단일로 - 기타,화물,남,47세,상해없음,보행자,남,33세,경상
7494,2020032600100389,2020년 3월 26일 19시,목요일,부산광역시 해운대구 우동,경상사고,0,0,1,0,차대사람 - 기타,안전운전불이행,포장 - 젖음/습기,비,교차로 - 교차로부근,승용,남,52세,상해없음,보행자,여,63세,경상
7495,2020032600100390,2020년 3월 26일 19시,목요일,부산광역시 사상구 학장동,경상사고,0,0,1,0,차대사람 - 횡단중,보행자보호의무위반,포장 - 젖음/습기,비,교차로 - 교차로횡단보도내,화물,남,51세,상해없음,보행자,남,53세,경상
7496,2020032600100431,2020년 3월 26일 20시,목요일,부산광역시 북구 덕천동,중상사고,0,1,0,0,차대사람 - 차도통행중,안전운전불이행,포장 - 젖음/습기,비,교차로 - 교차로안,승용,남,53세,상해없음,보행자,여,81세,중상
7497,2020032600100471,2020년 3월 26일 21시,목요일,부산광역시 서구 동대신동1가,중상사고,0,1,0,0,차대사람 - 횡단중,안전운전불이행,포장 - 젖음/습기,비,교차로 - 교차로부근,승용,남,55세,상해없음,보행자,여,39세,중상
7498,2020032600100474,2020년 3월 26일 21시,목요일,부산광역시 부산진구 부전동,중상사고,0,1,0,0,차대사람 - 횡단중,신호위반,포장 - 젖음/습기,비,단일로 - 기타,승용,여,29세,상해없음,보행자,여,24세,중상
7499,2020032700100005,2020년 3월 27일 00시,금요일,부산광역시 강서구 명지동,중상사고,0,1,0,0,차대사람 - 횡단중,신호위반,포장 - 젖음/습기,비,교차로 - 교차로안,승용,남,69세,상해없음,보행자,남,57세,중상
7500,2020032700100070,2020년 3월 27일 06시,금요일,부산광역시 사상구 덕포동,중상사고,0,1,0,0,차대사람 - 기타,안전운전불이행,포장 - 젖음/습기,비,기타 - 기타,승용,남,51세,상해없음,보행자,여,75세,중상
7501,2020032700100283,2020년 3월 27일 15시,금요일,부산광역시 동래구 수안동,중상사고,0,1,0,0,차대사람 - 기타,안전운전불이행,포장 - 젖음/습기,비,단일로 - 기타,자전거,여,26세,상해없음,보행자,여,76세,중상
7502,2020032700100312,2020년 3월 27일 16시,금요일,부산광역시 해운대구 재송동,경상사고,0,0,1,0,차대사람 - 길가장자리구역통행중,중앙선침범,포장 - 건조,맑음,교차로 - 교차로부근,화물,남,54세,상해없음,보행자,남,44세,경상
7503,2020032700100399,2020년 3월 27일 18시,금요일,부산광역시 부산진구 범천동,중상사고,0,1,0,0,차대사람 - 기타,안전운전불이행,포장 - 건조,맑음,교차로 - 교차로부근,승용,여,38세,상해없음,보행자,여,73세,중상
7504,2020032700100522,2020년 3월 27일 21시,금요일,부산광역시 사상구 주례동,경상사고,0,0,1,0,차대사람 - 횡단중,안전운전불이행,포장 - 젖음/습기,비,단일로 - 기타,이륜,남,19세,상해없음,보행자,남,42세,경상
7505,2020032700100580,2020년 3월 27일 23시,금요일,부산광역시 서구 남부민동,사망사고,1,0,0,0,차대사람 - 횡단중,보행자보호의무위반,포장 - 젖음/습기,비,단일로 - 기타,승합,남,59세,상해없음,보행자,남,73세,사망
7506,2020032700100581,2020년 3월 27일 23시,금요일,부산광역시 동래구 사직동,중상사고,0,1,0,0,차대사람 - 횡단중,안전운전불이행,포장 - 젖음/습기,비,단일로 - 기타,원동기,남,29세,상해없음,보행자,남,18세,중상
7507,2020032700100582,2020년 3월 27일 23시,금요일,부산광역시 사하구 다대동,경상사고,0,0,1,0,차대사람 - 횡단중,안전운전불이행,포장 - 건조,흐림,단일로 - 지하차도(도로)내,승용,남,64세,상해없음,보행자,남,54세,경상
7508,2020032800100058,2020년 3월 28일 05시,토요일,부산광역시 사하구 당리동,부상신고사고,0,0,0,1,차대사람 - 기타,안전운전불이행,포장 - 건조,맑음,교차로 - 교차로부근,승용,여,44세,상해없음,보행자,남,55세,부상신고
7509,2020032800100090,2020년 3월 28일 08시,토요일,부산광역시 사하구 장림동,중상사고,0,1,1,0,차대사람 - 기타,안전운전불이행,포장 - 건조,맑음,기타 - 기타,화물,남,61세,상해없음,보행자,남,69세,경상
7510,2020032800100141,2020년 3월 28일 10시,토요일,부산광역시 사하구 당리동,경상사고,0,0,1,0,차대사람 - 기타,안전운전불이행,포장 - 건조,맑음,단일로 - 지하차도(도로)내,승용,남,58세,상해없음,보행자,여,77세,경상
7511,2020032800100224,2020년 3월 28일 13시,토요일,부산광역시 북구 덕천동,경상사고,0,0,1,0,차대사람 - 횡단중,보행자보호의무위반,포장 - 건조,맑음,단일로 - 기타,이륜,남,19세,상해없음,보행자,여,40세,경상
7512,2020032800100252,2020년 3월 28일 14시,토요일,부산광역시 부산진구 개금동,중상사고,0,2,1,0,차대사람 - 길가장자리구역통행중,안전운전불이행,포장 - 건조,맑음,단일로 - 기타,승용,남,59세,상해없음,보행자,여,67세,경상
7513,2020032800100461,2020년 3월 28일 21시,토요일,부산광역시 부산진구 전포동,경상사고,0,0,1,0,차대사람 - 기타,기타,포장 - 건조,맑음,단일로 - 기타,자전거,남,33세,상해없음,보행자,여,28세,경상
7514,2020032900100006,2020년 3월 29일 00시,일요일,부산광역시 연제구 연산동,중상사고,0,1,0,0,차대사람 - 기타,중앙선침범,포장 - 건조,맑음,단일로 - 기타,화물,남,38세,상해없음,보행자,남,29세,중상
7515,2020032900100262,2020년 3월 29일 17시,일요일,부산광역시 기장군 기장읍,중상사고,0,1,0,0,차대사람 - 기타,안전운전불이행,포장 - 기타,맑음,단일로 - 기타,승용,여,69세,상해없음,보행자,남,73세,중상
7516,2020032900100345,2020년 3월 29일 21시,일요일,부산광역시 해운대구 중동,경상사고,0,0,1,0,차대사람 - 횡단중,보행자보호의무위반,포장 - 건조,맑음,단일로 - 기타,승용,남,67세,상해없음,보행자,여,46세,경상
7517,2020033000100072,2020년 3월 30일 08시,월요일,부산광역시 동래구 온천동,경상사고,0,0,1,0,차대사람 - 기타,보행자보호의무위반,포장 - 건조,맑음,교차로 - 교차로안,승용,여,55세,상해없음,보행자,여,55세,경상
7518,2020033000100111,2020년 3월 30일 09시,월요일,부산광역시 동구 좌천동,경상사고,0,0,1,0,차대사람 - 기타,기타,포장 - 건조,맑음,기타 - 기타,기타불명,남,46세,상해없음,보행자,여,91세,경상
7519,2020033000100113,2020년 3월 30일 09시,월요일,부산광역시 사상구 엄궁동,중상사고,0,1,0,0,차대사람 - 기타,안전운전불이행,포장 - 건조,맑음,단일로 - 기타,화물,남,51세,상해없음,보행자,남,23세,중상
7520,2020033000100134,2020년 3월 30일 10시,월요일,부산광역시 중구 대청동2가,중상사고,0,1,0,0,차대사람 - 횡단중,안전운전불이행,포장 - 건조,맑음,단일로 - 기타,승용,남,58세,상해없음,보행자,여,84세,중상