,사고번호,사고일시,요일,시군구,사고내용,사망자수,중상자수,경상자수,부상신고자수,사고유형,법규위반,노면상태,기상상태,도로형태,가해운전자 차종,가해운전자 성별,가해운전자 연령,가해운전자 상해정도,피해운전자 차종,피해운전자 성별,피해운전자 연령,피해운전자 상해정도
7963,2020052900100052,2020년 5월 29일 06시,금요일,부산광역시 부산진구 범천동,중상사고,0,1,0,0,차대사람 - 차도통행중,안전운전불이행,포장 - 건조,맑음,단일로 - 기타,승용,남,31세,상해없음,보행자,남,78세,중상
7964,2020052900100156,2020년 5월 29일 09시,금요일,부산광역시 서구 토성동3가,중상사고,0,1,0,0,차대사람 - 기타,안전운전불이행,포장 - 건조,맑음,단일로 - 기타,승용,여,59세,상해없음,보행자,여,81세,중상
7965,2020052900100157,2020년 5월 29일 09시,금요일,부산광역시 동래구 명륜동,부상신고사고,0,0,0,1,차대사람 - 차도통행중,안전운전불이행,포장 - 건조,맑음,단일로 - 기타,화물,남,44세,상해없음,보행자,남,22세,부상신고
7966,2020052900100207,2020년 5월 29일 10시,금요일,부산광역시 금정구 노포동,경상사고,0,0,1,0,차대사람 - 기타,안전운전불이행,포장 - 건조,맑음,기타 - 기타,승용,남,68세,상해없음,보행자,남,85세,경상
7967,2020052900100238,2020년 5월 29일 11시,금요일,부산광역시 남구 대연동,경상사고,0,0,1,0,차대사람 - 보도통행중,안전운전불이행,포장 - 건조,맑음,단일로 - 기타,승용,남,33세,상해없음,보행자,여,28세,경상
7968,2020052900100306,2020년 5월 29일 13시,금요일,부산광역시 서구 초장동,경상사고,0,0,1,0,차대사람 - 기타,안전운전불이행,포장 - 건조,맑음,단일로 - 기타,화물,여,56세,상해없음,보행자,남,47세,경상
7969,2020052900100307,2020년 5월 29일 13시,금요일,부산광역시 해운대구 우동,중상사고,0,1,0,0,차대사람 - 기타,안전운전불이행,포장 - 건조,맑음,단일로 - 교량,승용,남,55세,상해없음,보행자,남,69세,중상
7970,2020052900100308,2020년 5월 29일 13시,금요일,부산광역시 사상구 감전동,경상사고,0,0,1,0,차대사람 - 기타,안전운전불이행,포장 - 건조,맑음,기타 - 기타,화물,남,56세,기타불명,보행자,여,54세,경상
7971,2020052900100341,2020년 5월 29일 14시,금요일,부산광역시 연제구 거제동,경상사고,0,0,1,0,차대사람 - 횡단중,보행자보호의무위반,포장 - 건조,맑음,단일로 - 기타,승용,여,39세,상해없음,보행자,여,56세,경상
7972,2020052900100423,2020년 5월 29일 16시,금요일,부산광역시 수영구 남천동,경상사고,0,0,1,0,차대사람 - 기타,안전운전불이행,포장 - 건조,맑음,단일로 - 기타,승용,여,40세,상해없음,보행자,여,13세,경상
7973,2020052900100531,2020년 5월 29일 18시,금요일,부산광역시 연제구 연산동,경상사고,0,0,1,0,차대사람 - 차도통행중,교차로운행방법위반,포장 - 건조,맑음,교차로 - 교차로안,화물,남,58세,상해없음,보행자,여,61세,경상
7974,2020052900100616,2020년 5월 29일 20시,금요일,부산광역시 동구 초량동,중상사고,0,1,0,0,차대사람 - 횡단중,보행자보호의무위반,포장 - 건조,맑음,단일로 - 기타,이륜,남,17세,상해없음,보행자,남,65세,중상
7975,2020052900100620,2020년 5월 29일 20시,금요일,부산광역시 부산진구 부암동,경상사고,0,0,1,0,차대사람 - 기타,보행자보호의무위반,포장 - 건조,맑음,교차로 - 교차로부근,승용,남,70세,상해없음,보행자,남,17세,경상
7976,2020052900100621,2020년 5월 29일 20시,금요일,부산광역시 부산진구 부암동,중상사고,0,1,0,0,차대사람 - 횡단중,보행자보호의무위반,포장 - 건조,맑음,교차로 - 교차로부근,승용,남,50세,상해없음,보행자,여,61세,중상
7977,2020052900100664,2020년 5월 29일 21시,금요일,부산광역시 사상구 삼락동,중상사고,0,1,0,0,차대사람 - 횡단중,보행자보호의무위반,포장 - 건조,맑음,단일로 - 기타,승용,남,57세,상해없음,보행자,여,56세,중상
7978,2020052900100732,2020년 5월 29일 23시,금요일,부산광역시 부산진구 전포동,중상사고,0,1,0,0,차대사람 - 기타,보행자보호의무위반,포장 - 건조,맑음,교차로 - 교차로횡단보도내,승용,남,28세,상해없음,보행자,여,24세,중상
7979,2020053000100173,2020년 5월 30일 10시,토요일,부산광역시 사상구 주례동,부상신고사고,0,0,0,1,차대사람 - 기타,안전운전불이행,포장 - 건조,맑음,기타 - 기타,승용,남,48세,상해없음,보행자,여,5세,부상신고
7980,2020053000100253,2020년 5월 30일 12시,토요일,부산광역시 남구 대연동,경상사고,0,0,1,0,차대사람 - 기타,불법유턴,포장 - 건조,맑음,단일로 - 기타,승용,남,28세,상해없음,보행자,남,53세,경상
7981,2020053000100308,2020년 5월 30일 13시,토요일,부산광역시 해운대구 재송동,중상사고,0,1,0,0,차대사람 - 횡단중,안전운전불이행,포장 - 건조,맑음,단일로 - 기타,승용,남,55세,상해없음,보행자,남,63세,중상
7982,2020053000100350,2020년 5월 30일 14시,토요일,부산광역시 동구 수정동,중상사고,0,1,0,0,차대사람 - 횡단중,안전운전불이행,포장 - 건조,맑음,단일로 - 기타,승용,남,78세,상해없음,보행자,여,69세,중상
7983,2020053000100393,2020년 5월 30일 15시,토요일,부산광역시 영도구 동삼동,중상사고,0,1,0,0,차대사람 - 횡단중,중앙선침범,포장 - 건조,맑음,단일로 - 기타,화물,남,35세,상해없음,보행자,여,75세,중상
7984,2020053000100568,2020년 5월 30일 20시,토요일,부산광역시 북구 덕천동,중상사고,0,1,0,0,차대사람 - 기타,안전운전불이행,포장 - 건조,맑음,단일로 - 지하차도(도로)내,승용,남,68세,상해없음,보행자,남,68세,중상
7985,2020053100100005,2020년 5월 31일 00시,일요일,부산광역시 연제구 연산동,경상사고,0,0,1,0,차대사람 - 차도통행중,안전운전불이행,포장 - 건조,맑음,교차로 - 교차로부근,승용,남,63세,상해없음,보행자,남,37세,경상
7986,2020053100100104,2020년 5월 31일 10시,일요일,부산광역시 영도구 동삼동,경상사고,0,0,1,0,차대사람 - 횡단중,신호위반,포장 - 건조,맑음,단일로 - 기타,화물,남,67세,상해없음,보행자,여,64세,경상
7987,2020053100100188,2020년 5월 31일 13시,일요일,부산광역시 해운대구 중동,경상사고,0,0,1,0,차대사람 - 기타,안전운전불이행,포장 - 건조,맑음,교차로 - 교차로안,승용,남,41세,상해없음,보행자,여,73세,경상
7988,2020053100100221,2020년 5월 31일 14시,일요일,부산광역시 동구 초량동,중상사고,0,1,0,0,차대사람 - 차도통행중,안전운전불이행,포장 - 건조,맑음,단일로 - 기타,승용,여,45세,상해없음,보행자,여,64세,중상
7989,2020053100100285,2020년 5월 31일 16시,일요일,부산광역시 사하구 신평동,경상사고,0,0,1,0,차대사람 - 기타,안전운전불이행,포장 - 건조,맑음,기타 - 기타,승용,남,59세,상해없음,보행자,남,47세,경상
7990,2020053100100356,2020년 5월 31일 18시,일요일,부산광역시 부산진구 부암동,경상사고,0,0,1,0,차대사람 - 횡단중,보행자보호의무위반,포장 - 건조,맑음,교차로 - 교차로안,화물,남,52세,상해없음,보행자,남,64세,경상
7991,2020053100100357,2020년 5월 31일 18시,일요일,부산광역시 금정구 부곡동,경상사고,0,0,1,0,차대사람 - 보도통행중,안전운전불이행,포장 - 건조,맑음,교차로 - 교차로안,승용,여,27세,상해없음,보행자,여,25세,경상
7992,2020060100100293,2020년 6월 1일 13시,월요일,부산광역시 사상구 괘법동,중상사고,0,1,0,0,차대사람 - 횡단중,안전운전불이행,포장 - 건조,맑음,교차로 - 교차로부근,승용,남,47세,상해없음,보행자,여,38세,중상
7993,2020060100100336,2020년 6월 1일 14시,월요일,부산광역시 강서구 화전동,중상사고,0,1,0,0,차대사람 - 기타,안전운전불이행,포장 - 건조,맑음,교차로 - 교차로부근,승용,남,42세,상해없음,보행자,여,47세,중상
7994,2020060100100381,2020년 6월 1일 15시,월요일,부산광역시 기장군 기장읍,경상사고,0,0,1,0,차대사람 - 횡단중,보행자보호의무위반,포장 - 건조,맑음,교차로 - 교차로안,승용,여,37세,상해없음,보행자,남,8세,경상
7995,2020060100100440,2020년 6월 1일 16시,월요일,부산광역시 기장군 기장읍,경상사고,0,0,1,0,차대사람 - 횡단중,보행자보호의무위반,포장 - 건조,맑음,단일로 - 기타,승용,남,59세,상해없음,보행자,남,50세,경상
7996,2020060100100487,2020년 6월 1일 17시,월요일,부산광역시 사하구 다대동,중상사고,0,1,0,0,차대사람 - 차도통행중,안전운전불이행,포장 - 건조,맑음,단일로 - 기타,화물,남,59세,상해없음,보행자,남,78세,중상
7997,2020060100100724,2020년 6월 1일 23시,월요일,부산광역시 연제구 연산동,경상사고,0,0,1,0,차대사람 - 기타,기타,포장 - 건조,맑음,단일로 - 기타,승용,여,46세,상해없음,보행자,여,20세,경상
7998,2020060200100078,2020년 6월 2일 08시,화요일,부산광역시 수영구 광안동,경상사고,0,0,1,0,차대사람 - 기타,기타,포장 - 건조,맑음,단일로 - 기타,승합,남,52세,상해없음,보행자,여,61세,경상
7999,2020060200100079,2020년 6월 2일 08시,화요일,부산광역시 금정구 부곡동,중상사고,0,1,0,0,차대사람 - 기타,안전운전불이행,포장 - 건조,맑음,교차로 - 교차로안,승용,남,60세,상해없음,보행자,남,68세,중상
8000,2020060200100080,2020년 6월 2일 08시,화요일,부산광역시 사하구 장림동,중상사고,0,1,0,0,차대사람 - 기타,안전운전불이행,포장 - 건조,맑음,교차로 - 교차로부근,승용,남,47세,상해없음,보행자,여,42세,중상
8001,2020060200100193,2020년 6월 2일 11시,화요일,부산광역시 동래구 수안동,경상사고,0,0,1,0,차대사람 - 기타,안전운전불이행,포장 - 건조,맑음,단일로 - 기타,이륜,남,30세,상해없음,보행자,여,53세,경상
8002,2020060200100324,2020년 6월 2일 14시,화요일,부산광역시 금정구 청룡동,중상사고,0,1,0,0,차대사람 - 기타,안전운전불이행,포장 - 건조,맑음,단일로 - 기타,승용,여,57세,상해없음,보행자,여,39세,중상
8003,2020060200100403,2020년 6월 2일 16시,화요일,부산광역시 부산진구 가야동,중상사고,0,1,0,0,차대사람 - 차도통행중,안전운전불이행,포장 - 건조,맑음,단일로 - 기타,승용,남,40세,상해없음,보행자,여,71세,중상
8004,2020060200100404,2020년 6월 2일 16시,화요일,부산광역시 금정구 부곡동,중상사고,0,1,0,0,차대사람 - 횡단중,보행자보호의무위반,포장 - 건조,맑음,교차로 - 교차로횡단보도내,승용,남,64세,상해없음,보행자,여,16세,중상
8005,2020060200100405,2020년 6월 2일 16시,화요일,부산광역시 금정구 부곡동,경상사고,0,0,1,0,차대사람 - 기타,안전운전불이행,포장 - 건조,맑음,기타 - 기타,화물,남,53세,상해없음,보행자,여,16세,경상
8006,2020060200100438,2020년 6월 2일 17시,화요일,부산광역시 중구 남포동3가,경상사고,0,0,1,0,차대사람 - 차도통행중,안전운전불이행,포장 - 건조,맑음,교차로 - 교차로부근,기타불명,기타불명,미분류,기타불명,보행자,남,22세,경상
8007,2020060200100474,2020년 6월 2일 18시,화요일,부산광역시 부산진구 초읍동,중상사고,0,1,0,0,차대사람 - 횡단중,보행자보호의무위반,포장 - 건조,맑음,교차로 - 교차로횡단보도내,이륜,남,17세,기타불명,보행자,여,47세,중상
8008,2020060200100478,2020년 6월 2일 18시,화요일,부산광역시 사상구 감전동,중상사고,0,1,0,0,차대사람 - 기타,신호위반,포장 - 건조,맑음,단일로 - 기타,승용,여,51세,상해없음,보행자,여,25세,중상
8009,2020060200100512,2020년 6월 2일 19시,화요일,부산광역시 북구 구포동,부상신고사고,0,0,0,1,차대사람 - 기타,안전운전불이행,포장 - 건조,맑음,단일로 - 기타,자전거,기타불명,미분류,기타불명,보행자,여,72세,부상신고
8010,2020060200100608,2020년 6월 2일 23시,화요일,부산광역시 연제구 연산동,중상사고,0,1,0,0,차대사람 - 횡단중,안전운전불이행,포장 - 건조,맑음,단일로 - 기타,원동기,남,36세,중상,보행자,남,22세,상해없음
8011,2020060200100609,2020년 6월 2일 23시,화요일,부산광역시 사상구 괘법동,경상사고,0,0,1,0,차대사람 - 기타,안전운전불이행,포장 - 건조,맑음,단일로 - 기타,승합,남,25세,상해없음,보행자,남,41세,경상
8012,2020060300100064,2020년 6월 3일 07시,수요일,부산광역시 동래구 명륜동,경상사고,0,0,1,0,차대사람 - 기타,안전운전불이행,포장 - 건조,맑음,단일로 - 기타,승용,남,43세,상해없음,보행자,남,14세,경상
8013,2020060300100178,2020년 6월 3일 11시,수요일,부산광역시 부산진구 양정동,경상사고,0,0,1,0,차대사람 - 차도통행중,안전운전불이행,포장 - 건조,맑음,단일로 - 기타,승용,여,60세,기타불명,보행자,여,45세,경상
8014,2020060300100317,2020년 6월 3일 15시,수요일,부산광역시 동래구 명장동,경상사고,0,0,1,0,차대사람 - 보도통행중,보행자보호의무위반,포장 - 건조,맑음,교차로 - 교차로부근,승용,여,46세,상해없음,보행자,남,11세,경상
8015,2020060300100318,2020년 6월 3일 15시,수요일,부산광역시 영도구 동삼동,경상사고,0,0,1,0,차대사람 - 기타,안전운전불이행,포장 - 건조,맑음,단일로 - 기타,승용,남,45세,상해없음,보행자,남,21세,경상
8016,2020060300100321,2020년 6월 3일 15시,수요일,부산광역시 사상구 감전동,경상사고,0,0,1,0,차대사람 - 횡단중,안전운전불이행,포장 - 건조,맑음,교차로 - 교차로안,승용,남,50세,상해없음,보행자,남,78세,경상
8017,2020060300100358,2020년 6월 3일 16시,수요일,부산광역시 동래구 사직동,중상사고,0,1,0,0,차대사람 - 횡단중,안전운전불이행,포장 - 건조,맑음,교차로 - 교차로안,승용,남,75세,상해없음,보행자,여,61세,중상
8018,2020060300100359,2020년 6월 3일 16시,수요일,부산광역시 수영구 망미동,중상사고,0,1,0,0,차대사람 - 횡단중,보행자보호의무위반,포장 - 건조,맑음,교차로 - 교차로안,화물,남,43세,상해없음,보행자,남,83세,중상
8019,2020060300100510,2020년 6월 3일 19시,수요일,부산광역시 연제구 연산동,중상사고,0,1,0,0,차대사람 - 횡단중,안전운전불이행,포장 - 건조,맑음,교차로 - 교차로부근,이륜,남,26세,상해없음,보행자,여,49세,중상
8020,2020060300100569,2020년 6월 3일 21시,수요일,부산광역시 중구 광복동1가,중상사고,0,1,0,0,차대사람 - 기타,안전운전불이행,포장 - 건조,맑음,교차로 - 교차로부근,승용,남,34세,상해없음,보행자,남,47세,중상
8021,2020060400100083,2020년 6월 4일 08시,목요일,부산광역시 해운대구 좌동,중상사고,0,1,0,0,차대사람 - 횡단중,신호위반,포장 - 건조,맑음,교차로 - 교차로부근,승용,남,56세,상해없음,보행자,여,46세,중상
8022,2020060400100371,2020년 6월 4일 16시,목요일,부산광역시 남구 대연동,중상사고,0,1,0,0,차대사람 - 기타,안전운전불이행,포장 - 건조,맑음,단일로 - 기타,승용,남,46세,상해없음,보행자,여,50세,중상
8023,2020060400100425,2020년 6월 4일 17시,목요일,부산광역시 금정구 장전동,경상사고,0,0,1,0,차대사람 - 차도통행중,보행자보호의무위반,포장 - 건조,맑음,교차로 - 교차로횡단보도내,이륜,남,64세,상해없음,보행자,여,59세,경상
8024,2020060400100515,2020년 6월 4일 19시,목요일,부산광역시 금정구 부곡동,경상사고,0,0,1,0,차대사람 - 기타,안전운전불이행,포장 - 건조,맑음,단일로 - 기타,자전거,남,27세,상해없음,보행자,여,18세,경상
8025,2020060400100614,2020년 6월 4일 22시,목요일,부산광역시 사상구 엄궁동,경상사고,0,0,1,0,차대사람 - 보도통행중,안전운전불이행,포장 - 건조,맑음,교차로 - 교차로부근,승합,남,48세,상해없음,보행자,남,55세,경상
8026,2020060400100639,2020년 6월 4일 23시,목요일,부산광역시 동구 초량동,경상사고,0,0,1,0,차대사람 - 기타,안전운전불이행,포장 - 건조,맑음,단일로 - 터널,이륜,남,38세,상해없음,보행자,남,54세,경상
8027,2020060500100059,2020년 6월 5일 06시,금요일,부산광역시 부산진구 부전동,경상사고,0,0,1,0,차대사람 - 차도통행중,안전운전불이행,포장 - 건조,맑음,단일로 - 기타,화물,남,72세,상해없음,보행자,남,48세,경상
8028,2020060500100168,2020년 6월 5일 10시,금요일,부산광역시 부산진구 당감동,중상사고,0,1,0,0,차대사람 - 기타,안전운전불이행,포장 - 건조,맑음,교차로 - 교차로안,승용,여,30세,상해없음,보행자,여,68세,중상
8029,2020060500100196,2020년 6월 5일 11시,금요일,부산광역시 부산진구 전포동,경상사고,0,0,1,0,차대사람 - 차도통행중,보행자보호의무위반,포장 - 건조,맑음,교차로 - 교차로횡단보도내,승용,남,33세,상해없음,보행자,남,43세,경상
8030,2020060500100319,2020년 6월 5일 14시,금요일,부산광역시 금정구 장전동,경상사고,0,0,1,0,차대사람 - 기타,안전운전불이행,포장 - 건조,맑음,기타 - 기타,화물,남,42세,상해없음,보행자,남,47세,경상
8031,2020060500100367,2020년 6월 5일 15시,금요일,부산광역시 금정구 부곡동,중상사고,0,1,0,0,차대사람 - 횡단중,안전운전불이행,포장 - 건조,맑음,교차로 - 교차로안,승용,남,56세,상해없음,보행자,여,79세,중상
8032,2020060500100413,2020년 6월 5일 16시,금요일,부산광역시 중구 남포동5가,경상사고,0,0,1,0,차대사람 - 기타,안전운전불이행,포장 - 건조,맑음,단일로 - 기타,승용,남,69세,상해없음,보행자,남,55세,경상
8033,2020060500100502,2020년 6월 5일 18시,금요일,부산광역시 강서구 명지동,경상사고,0,0,1,0,차대사람 - 기타,보행자보호의무위반,포장 - 건조,맑음,교차로 - 교차로횡단보도내,승용,남,57세,상해없음,보행자,남,32세,경상
8034,2020060500100504,2020년 6월 5일 18시,금요일,부산광역시 기장군 기장읍,경상사고,0,0,1,0,차대사람 - 횡단중,보행자보호의무위반,포장 - 건조,맑음,교차로 - 교차로횡단보도내,승용,여,27세,상해없음,보행자,여,57세,경상
8035,2020060500100552,2020년 6월 5일 19시,금요일,부산광역시 동구 초량동,중상사고,0,1,0,0,차대사람 - 기타,안전운전불이행,포장 - 건조,맑음,단일로 - 기타,승용,남,55세,상해없음,보행자,여,30세,중상
8036,2020060500100596,2020년 6월 5일 20시,금요일,부산광역시 중구 영주동,경상사고,0,0,1,0,차대사람 - 횡단중,안전운전불이행,포장 - 건조,맑음,교차로 - 교차로부근,이륜,남,24세,상해없음,보행자,남,4세,경상
8037,2020060500100644,2020년 6월 5일 21시,금요일,부산광역시 사상구 괘법동,경상사고,0,0,1,0,차대사람 - 횡단중,안전운전불이행,포장 - 건조,맑음,단일로 - 기타,승용,남,69세,상해없음,보행자,남,54세,경상
8038,2020060600100211,2020년 6월 6일 12시,토요일,부산광역시 서구 서대신동2가,중상사고,0,1,0,0,차대사람 - 기타,안전운전불이행,포장 - 건조,맑음,단일로 - 기타,승용,남,49세,상해없음,보행자,남,61세,중상
8039,2020060600100290,2020년 6월 6일 14시,토요일,부산광역시 강서구 대저2동,경상사고,0,0,1,0,차대사람 - 기타,기타,포장 - 건조,맑음,단일로 - 기타,자전거,남,56세,경상,보행자,남,5세,상해없음
8040,2020060600100325,2020년 6월 6일 15시,토요일,부산광역시 북구 구포동,경상사고,0,0,1,0,차대사람 - 횡단중,보행자보호의무위반,포장 - 건조,맑음,단일로 - 기타,승용,남,57세,상해없음,보행자,남,65세,경상
8041,2020060600100452,2020년 6월 6일 18시,토요일,부산광역시 서구 초장동,중상사고,0,2,0,0,차대사람 - 기타,안전운전불이행,포장 - 건조,맑음,교차로 - 교차로안,자전거,여,50세,중상,보행자,여,82세,중상
8042,2020060600100549,2020년 6월 6일 21시,토요일,부산광역시 해운대구 우동,경상사고,0,0,1,0,차대사람 - 횡단중,보행자보호의무위반,포장 - 건조,맑음,교차로 - 교차로횡단보도내,승용,남,63세,상해없음,보행자,남,22세,경상
8043,2020060700100211,2020년 6월 7일 13시,일요일,부산광역시 수영구 광안동,경상사고,0,0,1,0,차대사람 - 보도통행중,기타,포장 - 건조,맑음,단일로 - 기타,승용,남,71세,상해없음,보행자,여,25세,경상
8044,2020060700100246,2020년 6월 7일 14시,일요일,부산광역시 북구 구포동,중상사고,0,1,0,0,차대사람 - 길가장자리구역통행중,안전운전불이행,포장 - 건조,맑음,단일로 - 지하차도(도로)내,승용,남,71세,상해없음,보행자,여,67세,중상
8045,2020060700100356,2020년 6월 7일 17시,일요일,부산광역시 강서구 명지동,경상사고,0,0,1,0,차대사람 - 기타,안전운전불이행,포장 - 건조,맑음,주차장 - 주차장,승용,여,65세,상해없음,보행자,여,22세,경상
8046,2020060700100391,2020년 6월 7일 18시,일요일,부산광역시 북구 덕천동,경상사고,0,0,1,0,차대사람 - 기타,안전운전불이행,포장 - 건조,맑음,단일로 - 기타,승용,여,65세,상해없음,보행자,남,11세,경상
8047,2020060700100452,2020년 6월 7일 20시,일요일,부산광역시 동구 초량동,부상신고사고,0,0,0,1,차대사람 - 기타,안전운전불이행,포장 - 건조,맑음,단일로 - 기타,승용,남,60세,상해없음,보행자,남,51세,부상신고
8048,2020060700100455,2020년 6월 7일 20시,일요일,부산광역시 부산진구 부전동,경상사고,0,0,1,0,차대사람 - 기타,안전운전불이행,포장 - 건조,맑음,기타 - 기타,승용,여,21세,상해없음,보행자,여,34세,경상
8049,2020060700100478,2020년 6월 7일 21시,일요일,부산광역시 중구 대청동2가,경상사고,0,0,1,0,차대사람 - 기타,안전운전불이행,포장 - 건조,맑음,단일로 - 기타,승용,남,43세,상해없음,보행자,남,40세,경상
8050,2020060800100004,2020년 6월 8일 00시,월요일,부산광역시 사하구 괴정동,경상사고,0,0,1,0,차대사람 - 기타,안전운전불이행,포장 - 건조,맑음,단일로 - 기타,이륜,남,27세,상해없음,보행자,여,68세,경상
8051,2020060800100109,2020년 6월 8일 08시,월요일,부산광역시 서구 서대신동3가,중상사고,0,1,0,0,차대사람 - 횡단중,신호위반,포장 - 건조,맑음,교차로 - 교차로부근,승용,여,49세,상해없음,보행자,여,11세,중상
8052,2020060800100113,2020년 6월 8일 08시,월요일,부산광역시 해운대구 중동,경상사고,0,0,1,0,차대사람 - 횡단중,보행자보호의무위반,포장 - 건조,맑음,교차로 - 교차로횡단보도내,승용,남,65세,상해없음,보행자,남,7세,경상
8053,2020060800100269,2020년 6월 8일 12시,월요일,부산광역시 영도구 남항동2가,중상사고,0,2,0,0,차대사람 - 횡단중,보행자보호의무위반,포장 - 건조,맑음,단일로 - 기타,승합,남,59세,상해없음,보행자,여,79세,중상
8054,2020060800100359,2020년 6월 8일 14시,월요일,부산광역시 연제구 거제동,중상사고,0,1,0,0,차대사람 - 횡단중,안전운전불이행,포장 - 건조,맑음,교차로 - 교차로부근,화물,남,52세,상해없음,보행자,여,5세,중상
8055,2020060800100481,2020년 6월 8일 17시,월요일,부산광역시 동래구 사직동,중상사고,0,1,0,0,차대사람 - 횡단중,신호위반,포장 - 건조,맑음,교차로 - 교차로안,승용,남,37세,상해없음,보행자,여,62세,중상
8056,2020060800100703,2020년 6월 8일 23시,월요일,부산광역시 남구 대연동,경상사고,0,0,1,0,차대사람 - 기타,안전운전불이행,포장 - 건조,맑음,단일로 - 기타,승용,남,29세,상해없음,보행자,남,43세,경상
8057,2020060900100014,2020년 6월 9일 01시,화요일,부산광역시 부산진구 부전동,경상사고,0,0,1,0,차대사람 - 기타,안전운전불이행,포장 - 건조,맑음,단일로 - 기타,승용,남,61세,상해없음,보행자,남,36세,경상
8058,2020060900100100,2020년 6월 9일 08시,화요일,부산광역시 서구 아미동2가,경상사고,0,0,1,0,차대사람 - 횡단중,보행자보호의무위반,포장 - 건조,맑음,단일로 - 기타,승용,남,63세,상해없음,보행자,여,77세,경상
8059,2020060900100182,2020년 6월 9일 10시,화요일,부산광역시 수영구 광안동,경상사고,0,0,1,0,차대사람 - 기타,안전운전불이행,포장 - 건조,맑음,단일로 - 기타,이륜,남,78세,상해없음,보행자,여,61세,경상
8060,2020060900100184,2020년 6월 9일 10시,화요일,부산광역시 해운대구 우동,중상사고,0,1,0,0,차대사람 - 기타,과속,포장 - 건조,맑음,단일로 - 기타,승용,남,28세,상해없음,보행자,여,37세,중상
8061,2020060900100225,2020년 6월 9일 11시,화요일,부산광역시 영도구 봉래동3가,부상신고사고,0,0,0,1,차대사람 - 기타,안전운전불이행,포장 - 건조,맑음,단일로 - 기타,승용,여,52세,상해없음,보행자,남,51세,부상신고
8062,2020060900100257,2020년 6월 9일 12시,화요일,부산광역시 부산진구 가야동,중상사고,0,1,0,0,차대사람 - 차도통행중,안전운전불이행,포장 - 건조,맑음,단일로 - 기타,승용,여,23세,상해없음,보행자,남,55세,중상
8063,2020060900100258,2020년 6월 9일 12시,화요일,부산광역시 강서구 대저1동,경상사고,0,0,1,0,차대사람 - 횡단중,안전운전불이행,포장 - 건조,맑음,교차로 - 교차로안,화물,남,57세,상해없음,보행자,여,79세,경상
8064,2020060900100302,2020년 6월 9일 13시,화요일,부산광역시 금정구 서동,경상사고,0,0,1,0,차대사람 - 횡단중,안전운전불이행,포장 - 건조,맑음,기타 - 기타,승용,여,53세,상해없음,보행자,남,51세,경상
8065,2020060900100384,2020년 6월 9일 15시,화요일,부산광역시 영도구 동삼동,경상사고,0,0,1,0,차대사람 - 횡단중,안전운전불이행,포장 - 건조,맑음,단일로 - 기타,이륜,남,78세,상해없음,보행자,여,73세,경상
8066,2020060900100420,2020년 6월 9일 16시,화요일,부산광역시 북구 덕천동,중상사고,0,1,0,0,차대사람 - 기타,안전운전불이행,포장 - 건조,맑음,단일로 - 기타,기타불명,기타불명,미분류,기타불명,보행자,여,34세,중상
8067,2020060900100475,2020년 6월 9일 17시,화요일,부산광역시 영도구 신선동2가,중상사고,0,1,0,0,차대사람 - 길가장자리구역통행중,안전운전불이행,포장 - 건조,맑음,단일로 - 기타,승용,남,45세,상해없음,보행자,남,60세,중상
8068,2020060900100476,2020년 6월 9일 17시,화요일,부산광역시 부산진구 개금동,중상사고,0,1,0,0,차대사람 - 기타,안전운전불이행,포장 - 건조,맑음,단일로 - 기타,화물,남,50세,상해없음,보행자,여,74세,중상
8069,2020060900100521,2020년 6월 9일 18시,화요일,부산광역시 연제구 연산동,중상사고,0,1,0,0,차대사람 - 차도통행중,안전운전불이행,포장 - 건조,맑음,단일로 - 기타,이륜,남,18세,상해없음,보행자,여,30세,중상
8070,2020061000100098,2020년 6월 10일 08시,수요일,부산광역시 동구 수정동,중상사고,0,1,0,0,차대사람 - 기타,안전운전불이행,포장 - 건조,맑음,단일로 - 기타,승용,남,50세,상해없음,보행자,여,75세,중상
8071,2020061000100182,2020년 6월 10일 10시,수요일,부산광역시 동래구 명장동,경상사고,0,0,1,0,차대사람 - 차도통행중,안전운전불이행,포장 - 건조,맑음,교차로 - 교차로안,자전거,여,22세,상해없음,보행자,여,50세,경상
8072,2020061000100183,2020년 6월 10일 10시,수요일,부산광역시 동래구 사직동,중상사고,0,1,0,0,차대사람 - 기타,안전운전불이행,포장 - 건조,맑음,단일로 - 기타,승용,남,62세,상해없음,보행자,남,36세,중상
8073,2020061000100434,2020년 6월 10일 17시,수요일,부산광역시 부산진구 부전동,경상사고,0,0,1,0,차대사람 - 횡단중,안전운전불이행,포장 - 건조,맑음,단일로 - 기타,이륜,남,24세,상해없음,보행자,여,70세,경상