,사고번호,사고일시,요일,시군구,사고내용,사망자수,중상자수,경상자수,부상신고자수,사고유형,법규위반,노면상태,기상상태,도로형태,가해운전자 차종,가해운전자 성별,가해운전자 연령,가해운전자 상해정도,피해운전자 차종,피해운전자 성별,피해운전자 연령,피해운전자 상해정도
8295,2020071000100044,2020년 7월 10일 04시,금요일,부산광역시 남구 대연동,중상사고,0,1,0,0,차대사람 - 차도통행중,안전운전불이행,포장 - 젖음/습기,비,단일로 - 기타,승용,남,51세,상해없음,보행자,남,54세,중상
8296,2020071000100065,2020년 7월 10일 07시,금요일,부산광역시 수영구 광안동,경상사고,0,0,1,0,차대사람 - 기타,안전운전불이행,포장 - 젖음/습기,비,교차로 - 교차로부근,승용,남,46세,상해없음,보행자,여,23세,경상
8297,2020071000100200,2020년 7월 10일 11시,금요일,부산광역시 금정구 남산동,부상신고사고,0,0,0,1,차대사람 - 기타,안전운전불이행,포장 - 젖음/습기,비,기타 - 기타,기타불명,기타불명,미분류,기타불명,보행자,남,23세,부상신고
8298,2020071000100260,2020년 7월 10일 13시,금요일,부산광역시 사하구 괴정동,경상사고,0,0,1,0,차대사람 - 차도통행중,안전운전불이행,포장 - 젖음/습기,비,단일로 - 지하차도(도로)내,승용,남,22세,상해없음,보행자,남,74세,경상
8299,2020071000100427,2020년 7월 10일 17시,금요일,부산광역시 사하구 하단동,중상사고,0,1,0,0,차대사람 - 기타,안전운전불이행,포장 - 건조,맑음,단일로 - 기타,승용,남,20세,상해없음,보행자,남,68세,중상
8300,2020071000100429,2020년 7월 10일 17시,금요일,부산광역시 기장군 일광면,경상사고,0,0,1,0,차대사람 - 횡단중,안전운전불이행,포장 - 건조,맑음,교차로 - 교차로횡단보도내,승용,남,28세,상해없음,보행자,남,68세,경상
8301,2020071000100653,2020년 7월 10일 23시,금요일,부산광역시 사상구 엄궁동,부상신고사고,0,0,0,1,차대사람 - 기타,안전운전불이행,포장 - 건조,맑음,단일로 - 기타,승용,남,64세,상해없음,보행자,남,47세,부상신고
8302,2020071100100027,2020년 7월 11일 01시,토요일,부산광역시 수영구 남천동,부상신고사고,0,0,0,1,차대사람 - 기타,안전운전불이행,포장 - 건조,맑음,단일로 - 기타,기타불명,기타불명,미분류,기타불명,보행자,남,25세,부상신고
8303,2020071100100067,2020년 7월 11일 04시,토요일,부산광역시 사하구 장림동,경상사고,0,0,1,0,차대사람 - 기타,안전운전불이행,포장 - 건조,맑음,교차로 - 교차로안,승용,여,59세,상해없음,보행자,남,41세,경상
8304,2020071100100133,2020년 7월 11일 09시,토요일,부산광역시 부산진구 범천동,사망사고,1,0,0,0,차대사람 - 횡단중,안전운전불이행,포장 - 건조,맑음,교차로 - 교차로횡단보도내,화물,남,34세,상해없음,보행자,여,64세,사망
8305,2020071100100201,2020년 7월 11일 11시,토요일,부산광역시 금정구 구서동,중상사고,0,1,0,0,차대사람 - 기타,보행자보호의무위반,포장 - 건조,맑음,교차로 - 교차로횡단보도내,승용,여,63세,상해없음,보행자,여,25세,중상
8306,2020071100100291,2020년 7월 11일 13시,토요일,부산광역시 동래구 복천동,경상사고,0,0,1,0,차대사람 - 기타,안전운전불이행,포장 - 젖음/습기,비,단일로 - 기타,승용,남,45세,상해없음,보행자,여,77세,경상
8307,2020071100100292,2020년 7월 11일 13시,토요일,부산광역시 동래구 안락동,중상사고,0,1,0,0,차대사람 - 기타,안전운전불이행,포장 - 건조,맑음,단일로 - 기타,승용,남,73세,상해없음,보행자,여,74세,중상
8308,2020071100100293,2020년 7월 11일 13시,토요일,부산광역시 영도구 동삼동,경상사고,0,0,1,0,차대사람 - 기타,안전운전불이행,포장 - 건조,맑음,기타 - 기타,이륜,남,55세,상해없음,보행자,남,31세,경상
8309,2020071100100295,2020년 7월 11일 13시,토요일,부산광역시 부산진구 가야동,경상사고,0,0,1,0,차대사람 - 횡단중,신호위반,포장 - 건조,맑음,단일로 - 기타,승용,여,20세,상해없음,보행자,여,61세,경상
8310,2020071100100409,2020년 7월 11일 16시,토요일,부산광역시 동구 초량동,중상사고,0,1,0,0,차대사람 - 보도통행중,안전운전불이행,포장 - 건조,맑음,단일로 - 기타,승용,남,35세,상해없음,보행자,여,57세,중상
8311,2020071100100445,2020년 7월 11일 17시,토요일,부산광역시 사하구 다대동,중상사고,0,1,0,0,차대사람 - 횡단중,안전운전불이행,포장 - 건조,맑음,기타 - 기타,승용,여,45세,상해없음,보행자,여,42세,중상
8312,2020071100100478,2020년 7월 11일 18시,토요일,부산광역시 해운대구 송정동,중상사고,0,1,0,0,차대사람 - 기타,안전운전불이행,포장 - 기타,맑음,단일로 - 기타,승용,남,59세,상해없음,보행자,남,68세,중상
8313,2020071100100567,2020년 7월 11일 21시,토요일,부산광역시 해운대구 우동,경상사고,0,0,1,0,차대사람 - 기타,안전운전불이행,포장 - 건조,맑음,단일로 - 기타,승용,남,32세,상해없음,보행자,남,51세,경상
8314,2020071200100094,2020년 7월 12일 09시,일요일,부산광역시 부산진구 부전동,중상사고,0,1,1,0,차대사람 - 보도통행중,기타,포장 - 건조,맑음,기타 - 기타,승용,남,74세,상해없음,보행자,여,53세,중상
8315,2020071200100162,2020년 7월 12일 12시,일요일,부산광역시 동래구 사직동,경상사고,0,0,1,0,차대사람 - 기타,안전운전불이행,포장 - 젖음/습기,비,교차로 - 교차로안,승용,남,63세,상해없음,보행자,여,46세,경상
8316,2020071200100301,2020년 7월 12일 17시,일요일,부산광역시 부산진구 부전동,경상사고,0,0,1,0,차대사람 - 보도통행중,안전운전불이행,포장 - 건조,맑음,단일로 - 기타,승용,남,31세,상해없음,보행자,여,25세,경상
8317,2020071200100329,2020년 7월 12일 18시,일요일,부산광역시 연제구 연산동,중상사고,0,1,0,0,차대사람 - 길가장자리구역통행중,안전운전불이행,포장 - 젖음/습기,비,단일로 - 기타,승용,남,57세,상해없음,보행자,남,65세,중상
8318,2020071200100402,2020년 7월 12일 20시,일요일,부산광역시 북구 화명동,부상신고사고,0,0,0,1,차대사람 - 횡단중,중앙선침범,포장 - 젖음/습기,비,단일로 - 기타,기타불명,기타불명,미분류,기타불명,보행자,여,26세,부상신고
8319,2020071200100446,2020년 7월 12일 21시,일요일,부산광역시 북구 금곡동,중상사고,0,1,0,0,차대사람 - 기타,안전운전불이행,포장 - 젖음/습기,비,단일로 - 기타,화물,남,53세,상해없음,보행자,여,27세,중상
8320,2020071200100480,2020년 7월 12일 22시,일요일,부산광역시 수영구 남천동,경상사고,0,0,1,0,차대사람 - 기타,안전운전불이행,포장 - 젖음/습기,비,교차로 - 교차로부근,승용,남,49세,상해없음,보행자,남,38세,경상
8321,2020071200100481,2020년 7월 12일 22시,일요일,부산광역시 기장군 정관읍,중상사고,0,1,0,0,차대사람 - 횡단중,안전운전불이행,포장 - 젖음/습기,비,교차로 - 교차로부근,승합,남,48세,상해없음,보행자,남,38세,중상
8322,2020071300100165,2020년 7월 13일 10시,월요일,부산광역시 연제구 거제동,중상사고,0,1,0,0,차대사람 - 횡단중,신호위반,포장 - 젖음/습기,비,단일로 - 기타,승용,여,41세,상해없음,보행자,여,67세,중상
8323,2020071300100193,2020년 7월 13일 11시,월요일,부산광역시 남구 대연동,경상사고,0,0,1,0,차대사람 - 차도통행중,중앙선침범,포장 - 젖음/습기,비,단일로 - 기타,승용,여,74세,상해없음,보행자,여,67세,경상
8324,2020071300100292,2020년 7월 13일 14시,월요일,부산광역시 남구 대연동,중상사고,0,1,0,0,차대사람 - 기타,기타,포장 - 젖음/습기,비,단일로 - 기타,화물,남,58세,상해없음,보행자,여,68세,중상
8325,2020071300100365,2020년 7월 13일 16시,월요일,부산광역시 해운대구 반여동,경상사고,0,0,1,0,차대사람 - 횡단중,보행자보호의무위반,포장 - 젖음/습기,비,교차로 - 교차로부근,승용,여,63세,상해없음,보행자,여,26세,경상
8326,2020071300100401,2020년 7월 13일 17시,월요일,부산광역시 기장군 정관읍,중상사고,0,1,0,0,차대사람 - 횡단중,보행자보호의무위반,포장 - 젖음/습기,비,교차로 - 교차로횡단보도내,승용,남,42세,상해없음,보행자,여,25세,중상
8327,2020071300100497,2020년 7월 13일 20시,월요일,부산광역시 수영구 광안동,경상사고,0,0,1,0,차대사람 - 횡단중,중앙선침범,포장 - 건조,맑음,단일로 - 기타,승용,남,28세,상해없음,보행자,여,63세,경상
8328,2020071300100498,2020년 7월 13일 20시,월요일,부산광역시 사상구 괘법동,경상사고,0,0,1,0,차대사람 - 기타,안전운전불이행,포장 - 젖음/습기,비,단일로 - 기타,승용,남,64세,상해없음,보행자,남,68세,경상
8329,2020071400100015,2020년 7월 14일 00시,화요일,부산광역시 수영구 남천동,경상사고,0,0,1,0,차대사람 - 차도통행중,안전운전불이행,포장 - 건조,맑음,교차로 - 교차로부근,승용,남,31세,상해없음,보행자,남,51세,경상
8330,2020071400100092,2020년 7월 14일 07시,화요일,부산광역시 서구 암남동,중상사고,0,1,0,0,차대사람 - 차도통행중,안전운전불이행,포장 - 젖음/습기,비,단일로 - 기타,승용,남,67세,상해없음,보행자,남,42세,중상
8331,2020071400100186,2020년 7월 14일 10시,화요일,부산광역시 부산진구 부전동,중상사고,0,1,0,0,차대사람 - 기타,신호위반,포장 - 건조,맑음,교차로 - 교차로안,승용,남,62세,상해없음,보행자,남,63세,중상
8332,2020071400100218,2020년 7월 14일 11시,화요일,부산광역시 부산진구 부전동,부상신고사고,0,0,0,1,차대사람 - 기타,안전운전불이행,포장 - 건조,맑음,단일로 - 기타,기타불명,기타불명,미분류,기타불명,보행자,여,41세,부상신고
8333,2020071400100250,2020년 7월 14일 12시,화요일,부산광역시 금정구 장전동,경상사고,0,0,1,0,차대사람 - 기타,안전운전불이행,포장 - 건조,맑음,교차로 - 교차로안,승용,남,60세,상해없음,보행자,여,21세,경상
8334,2020071400100280,2020년 7월 14일 13시,화요일,부산광역시 남구 대연동,중상사고,0,1,0,0,차대사람 - 횡단중,안전운전불이행,포장 - 젖음/습기,흐림,기타 - 기타,승용,남,52세,상해없음,보행자,여,58세,중상
8335,2020071400100282,2020년 7월 14일 13시,화요일,부산광역시 동래구 명장동,중상사고,0,1,0,0,차대사람 - 기타,보행자보호의무위반,포장 - 건조,맑음,단일로 - 기타,화물,남,56세,상해없음,보행자,여,8세,중상
8336,2020071400100354,2020년 7월 14일 15시,화요일,부산광역시 남구 대연동,중상사고,0,1,0,0,차대사람 - 횡단중,안전운전불이행,포장 - 젖음/습기,비,단일로 - 기타,승용,남,57세,상해없음,보행자,여,8세,중상
8337,2020071400100355,2020년 7월 14일 15시,화요일,부산광역시 부산진구 양정동,중상사고,0,1,0,0,차대사람 - 횡단중,안전운전불이행,포장 - 젖음/습기,비,교차로 - 교차로안,이륜,남,29세,상해없음,보행자,여,54세,중상
8338,2020071400100512,2020년 7월 14일 19시,화요일,부산광역시 부산진구 부전동,경상사고,0,0,1,0,차대사람 - 기타,안전운전불이행,포장 - 건조,맑음,단일로 - 기타,승용,남,30세,상해없음,보행자,여,27세,경상
8339,2020071400100538,2020년 7월 14일 20시,화요일,부산광역시 해운대구 좌동,경상사고,0,0,1,0,차대사람 - 횡단중,안전운전불이행,포장 - 건조,맑음,단일로 - 기타,이륜,남,32세,상해없음,보행자,여,17세,경상
8340,2020071400100567,2020년 7월 14일 21시,화요일,부산광역시 금정구 부곡동,부상신고사고,0,0,0,1,차대사람 - 기타,안전운전불이행,포장 - 건조,맑음,기타 - 기타,승용,남,21세,상해없음,보행자,남,54세,부상신고
8341,2020071400100630,2020년 7월 14일 23시,화요일,부산광역시 해운대구 재송동,중상사고,0,1,0,0,차대사람 - 횡단중,보행자보호의무위반,포장 - 건조,맑음,교차로 - 교차로부근,이륜,남,27세,상해없음,보행자,남,61세,중상
8342,2020071500100030,2020년 7월 15일 03시,수요일,부산광역시 동래구 안락동,중상사고,0,1,0,0,차대사람 - 차도통행중,안전운전불이행,포장 - 건조,맑음,단일로 - 기타,승용,남,31세,상해없음,보행자,남,66세,중상
8343,2020071500100188,2020년 7월 15일 11시,수요일,부산광역시 남구 대연동,중상사고,0,1,0,0,차대사람 - 횡단중,보행자보호의무위반,포장 - 건조,맑음,교차로 - 교차로안,승용,여,59세,상해없음,보행자,여,73세,중상
8344,2020071500100217,2020년 7월 15일 12시,수요일,부산광역시 수영구 민락동,중상사고,0,1,0,0,차대사람 - 기타,안전운전불이행,포장 - 건조,맑음,교차로 - 교차로안,승용,남,21세,상해없음,보행자,남,80세,중상
8345,2020071500100252,2020년 7월 15일 13시,수요일,부산광역시 동래구 사직동,경상사고,0,0,1,0,차대사람 - 기타,안전운전불이행,포장 - 건조,맑음,단일로 - 기타,승합,남,38세,기타불명,보행자,여,28세,경상
8346,2020071500100358,2020년 7월 15일 16시,수요일,부산광역시 수영구 남천동,부상신고사고,0,0,0,1,차대사람 - 기타,안전운전불이행,포장 - 건조,맑음,단일로 - 기타,승용,여,45세,상해없음,보행자,여,15세,부상신고
8347,2020071500100360,2020년 7월 15일 16시,수요일,부산광역시 동래구 사직동,경상사고,0,0,1,0,차대사람 - 횡단중,안전운전불이행,포장 - 건조,맑음,단일로 - 기타,승용,남,57세,상해없음,보행자,여,9세,경상
8348,2020071500100361,2020년 7월 15일 16시,수요일,부산광역시 해운대구 반여동,중상사고,0,1,0,0,차대사람 - 기타,안전운전불이행,포장 - 건조,맑음,단일로 - 기타,승용,남,44세,상해없음,보행자,여,65세,중상
8349,2020071500100362,2020년 7월 15일 16시,수요일,부산광역시 사상구 괘법동,경상사고,0,0,1,0,차대사람 - 기타,교차로운행방법위반,포장 - 건조,맑음,교차로 - 교차로안,화물,남,35세,상해없음,보행자,남,64세,경상
8350,2020071500100505,2020년 7월 15일 19시,수요일,부산광역시 해운대구 반여동,중상사고,0,1,0,0,차대사람 - 차도통행중,안전운전불이행,포장 - 건조,맑음,단일로 - 기타,승용,남,39세,상해없음,보행자,여,68세,중상
8351,2020071500100539,2020년 7월 15일 20시,수요일,부산광역시 연제구 거제동,경상사고,0,0,1,0,차대사람 - 길가장자리구역통행중,안전운전불이행,포장 - 건조,맑음,단일로 - 기타,승용,여,25세,상해없음,보행자,남,65세,경상
8352,2020071500100597,2020년 7월 15일 22시,수요일,부산광역시 사하구 하단동,중상사고,0,1,0,0,차대사람 - 차도통행중,안전운전불이행,포장 - 건조,맑음,단일로 - 기타,승용,남,65세,상해없음,보행자,여,57세,중상
8353,2020071600100095,2020년 7월 16일 08시,목요일,부산광역시 중구 중앙동4가,경상사고,0,0,1,0,차대사람 - 길가장자리구역통행중,안전운전불이행,포장 - 건조,맑음,단일로 - 기타,승합,남,40세,상해없음,보행자,여,55세,경상
8354,2020071600100096,2020년 7월 16일 08시,목요일,부산광역시 수영구 광안동,경상사고,0,0,1,0,차대사람 - 기타,안전운전불이행,포장 - 건조,맑음,단일로 - 기타,승용,여,63세,상해없음,보행자,남,20세,경상
8355,2020071600100210,2020년 7월 16일 11시,목요일,부산광역시 수영구 광안동,부상신고사고,0,0,0,1,차대사람 - 기타,교차로운행방법위반,포장 - 건조,맑음,교차로 - 교차로안,화물,남,58세,상해없음,보행자,남,30세,부상신고
8356,2020071600100212,2020년 7월 16일 11시,목요일,부산광역시 부산진구 범천동,경상사고,0,0,1,0,차대사람 - 기타,안전운전불이행,포장 - 건조,맑음,단일로 - 기타,기타불명,기타불명,미분류,기타불명,보행자,남,60세,경상
8357,2020071600100275,2020년 7월 16일 13시,목요일,부산광역시 북구 화명동,중상사고,0,1,0,0,차대사람 - 횡단중,보행자보호의무위반,포장 - 건조,맑음,단일로 - 지하차도(도로)내,승용,남,26세,상해없음,보행자,여,73세,중상
8358,2020071600100277,2020년 7월 16일 13시,목요일,부산광역시 사하구 하단동,중상사고,0,1,0,0,차대사람 - 횡단중,보행자보호의무위반,포장 - 건조,맑음,교차로 - 교차로횡단보도내,화물,남,59세,상해없음,보행자,여,43세,중상
8359,2020071600100312,2020년 7월 16일 14시,목요일,부산광역시 서구 서대신동2가,부상신고사고,0,0,0,1,차대사람 - 횡단중,안전운전불이행,포장 - 건조,맑음,단일로 - 기타,승용,여,29세,상해없음,보행자,여,84세,부상신고
8360,2020071600100393,2020년 7월 16일 16시,목요일,부산광역시 수영구 망미동,부상신고사고,0,0,0,1,차대사람 - 기타,불법유턴,포장 - 건조,맑음,교차로 - 교차로안,승용,남,67세,상해없음,보행자,여,17세,부상신고
8361,2020071600100565,2020년 7월 16일 20시,목요일,부산광역시 북구 덕천동,경상사고,0,0,1,0,차대사람 - 기타,기타,포장 - 건조,맑음,교차로 - 교차로부근,승용,남,32세,상해없음,보행자,여,72세,경상
8362,2020071600100566,2020년 7월 16일 20시,목요일,부산광역시 북구 화명동,중상사고,0,1,0,1,차대사람 - 기타,안전운전불이행,포장 - 건조,맑음,단일로 - 기타,원동기,남,18세,부상신고,보행자,남,9세,중상
8363,2020071600100567,2020년 7월 16일 20시,목요일,부산광역시 사하구 괴정동,경상사고,0,0,1,0,차대사람 - 차도통행중,안전운전불이행,포장 - 건조,맑음,단일로 - 지하차도(도로)내,승용,남,66세,상해없음,보행자,여,17세,경상
8364,2020071600100594,2020년 7월 16일 21시,목요일,부산광역시 사하구 괴정동,경상사고,0,0,1,0,차대사람 - 기타,안전운전불이행,포장 - 건조,맑음,단일로 - 기타,승용,여,38세,상해없음,보행자,여,16세,경상
8365,2020071700100067,2020년 7월 17일 07시,금요일,부산광역시 해운대구 중동,중상사고,0,1,0,0,차대사람 - 기타,안전운전불이행,포장 - 건조,맑음,교차로 - 교차로안,승용,남,69세,상해없음,보행자,여,48세,중상
8366,2020071700100068,2020년 7월 17일 07시,금요일,부산광역시 사하구 괴정동,경상사고,0,0,1,0,차대사람 - 기타,안전운전불이행,포장 - 건조,맑음,교차로 - 교차로안,승용,남,58세,상해없음,보행자,남,41세,경상
8367,2020071700100088,2020년 7월 17일 08시,금요일,부산광역시 부산진구 부전동,경상사고,0,0,1,0,차대사람 - 횡단중,안전운전불이행,포장 - 건조,맑음,단일로 - 기타,승용,남,62세,상해없음,보행자,남,21세,경상
8368,2020071700100183,2020년 7월 17일 11시,금요일,부산광역시 금정구 장전동,부상신고사고,0,0,0,1,차대사람 - 기타,안전운전불이행,포장 - 건조,맑음,기타 - 기타,화물,남,54세,상해없음,보행자,여,22세,부상신고
8369,2020071700100293,2020년 7월 17일 14시,금요일,부산광역시 금정구 선동,중상사고,0,1,0,0,차대사람 - 기타,안전운전불이행,포장 - 건조,맑음,단일로 - 기타,자전거,여,65세,중상,보행자,남,51세,상해없음
8370,2020071700100380,2020년 7월 17일 16시,금요일,부산광역시 연제구 거제동,중상사고,0,1,0,0,차대사람 - 횡단중,보행자보호의무위반,포장 - 건조,맑음,교차로 - 교차로횡단보도내,화물,남,37세,상해없음,보행자,여,83세,중상
8371,2020071700100431,2020년 7월 17일 17시,금요일,부산광역시 남구 대연동,중상사고,0,1,0,0,차대사람 - 횡단중,신호위반,포장 - 건조,맑음,단일로 - 기타,화물,남,61세,상해없음,보행자,여,75세,중상
8372,2020071700100490,2020년 7월 17일 18시,금요일,부산광역시 강서구 명지동,경상사고,0,0,1,0,차대사람 - 보도통행중,보행자보호의무위반,포장 - 건조,맑음,교차로 - 교차로부근,승용,남,50세,상해없음,보행자,남,9세,경상
8373,2020071700100590,2020년 7월 17일 20시,금요일,부산광역시 남구 문현동,경상사고,0,0,1,0,차대사람 - 횡단중,안전운전불이행,포장 - 건조,맑음,단일로 - 기타,이륜,남,19세,상해없음,보행자,여,78세,경상
8374,2020071800100388,2020년 7월 18일 16시,토요일,부산광역시 부산진구 부전동,경상사고,0,0,1,0,차대사람 - 기타,안전운전불이행,포장 - 건조,맑음,단일로 - 기타,승용,남,37세,상해없음,보행자,남,57세,경상
8375,2020071800100557,2020년 7월 18일 21시,토요일,부산광역시 부산진구 부전동,중상사고,0,1,0,0,차대사람 - 기타,안전운전불이행,포장 - 건조,맑음,교차로 - 교차로안,승용,남,26세,상해없음,보행자,남,53세,중상
8376,2020071900100115,2020년 7월 19일 10시,일요일,부산광역시 해운대구 우동,경상사고,0,0,1,0,차대사람 - 기타,신호위반,포장 - 건조,맑음,교차로 - 교차로안,승용,남,43세,상해없음,보행자,남,62세,경상
8377,2020071900100150,2020년 7월 19일 12시,일요일,부산광역시 해운대구 중동,중상사고,0,1,0,0,차대사람 - 보도통행중,기타,포장 - 건조,맑음,기타 - 기타,이륜,남,45세,상해없음,보행자,여,76세,중상
8378,2020071900100220,2020년 7월 19일 15시,일요일,부산광역시 북구 구포동,중상사고,0,1,0,0,차대사람 - 보도통행중,기타,포장 - 건조,맑음,교차로 - 교차로부근,승용,남,68세,상해없음,보행자,여,74세,중상
8379,2020071900100405,2020년 7월 19일 22시,일요일,부산광역시 수영구 망미동,경상사고,0,0,1,0,차대사람 - 기타,안전운전불이행,포장 - 건조,맑음,단일로 - 기타,승용,여,30세,상해없음,보행자,남,66세,경상
8380,2020071900100425,2020년 7월 19일 23시,일요일,부산광역시 부산진구 개금동,경상사고,0,0,1,0,차대사람 - 횡단중,안전운전불이행,포장 - 건조,맑음,교차로 - 교차로안,승용,남,56세,상해없음,보행자,남,22세,경상
8381,2020072000100043,2020년 7월 20일 06시,월요일,부산광역시 서구 남부민동,중상사고,0,1,0,0,차대사람 - 횡단중,안전운전불이행,포장 - 건조,흐림,단일로 - 기타,화물,남,50세,상해없음,보행자,여,80세,중상
8382,2020072000100055,2020년 7월 20일 07시,월요일,부산광역시 부산진구 가야동,경상사고,0,0,1,0,차대사람 - 횡단중,보행자보호의무위반,포장 - 건조,흐림,교차로 - 교차로부근,승용,여,50세,상해없음,보행자,남,80세,경상
8383,2020072000100181,2020년 7월 20일 11시,월요일,부산광역시 동래구 수안동,경상사고,0,0,1,0,차대사람 - 보도통행중,보행자보호의무위반,포장 - 건조,맑음,단일로 - 기타,승용,여,61세,상해없음,보행자,여,28세,경상
8384,2020072000100183,2020년 7월 20일 11시,월요일,부산광역시 사상구 주례동,경상사고,0,0,1,0,차대사람 - 기타,안전운전불이행,포장 - 건조,맑음,주차장 - 주차장,기타불명,기타불명,미분류,기타불명,보행자,여,56세,경상
8385,2020072000100214,2020년 7월 20일 12시,월요일,부산광역시 해운대구 우동,경상사고,0,0,1,0,차대사람 - 횡단중,보행자보호의무위반,포장 - 건조,맑음,교차로 - 교차로안,승용,여,39세,상해없음,보행자,여,30세,경상
8386,2020072000100243,2020년 7월 20일 13시,월요일,부산광역시 해운대구 반여동,중상사고,0,1,0,0,차대사람 - 횡단중,보행자보호의무위반,포장 - 건조,맑음,교차로 - 교차로횡단보도내,화물,남,21세,상해없음,보행자,남,42세,중상
8387,2020072000100275,2020년 7월 20일 14시,월요일,부산광역시 사하구 괴정동,경상사고,0,0,1,0,차대사람 - 기타,안전운전불이행,포장 - 건조,맑음,단일로 - 기타,승용,여,67세,상해없음,보행자,남,61세,경상
8388,2020072000100308,2020년 7월 20일 15시,월요일,부산광역시 북구 덕천동,중상사고,0,1,0,0,차대사람 - 기타,안전운전불이행,포장 - 건조,맑음,단일로 - 기타,화물,남,50세,상해없음,보행자,여,62세,중상
8389,2020072000100370,2020년 7월 20일 17시,월요일,부산광역시 동래구 온천동,중상사고,0,1,0,0,차대사람 - 횡단중,안전운전불이행,포장 - 건조,맑음,단일로 - 기타,승용,남,46세,상해없음,보행자,남,8세,중상
8390,2020072100100024,2020년 7월 21일 01시,화요일,부산광역시 동래구 사직동,중상사고,0,1,0,0,차대사람 - 횡단중,안전운전불이행,포장 - 건조,맑음,단일로 - 기타,승합,남,74세,상해없음,보행자,남,61세,중상
8391,2020072100100025,2020년 7월 21일 01시,화요일,부산광역시 연제구 연산동,중상사고,0,1,0,0,차대사람 - 기타,안전운전불이행,포장 - 건조,맑음,단일로 - 기타,승용,남,23세,상해없음,보행자,남,47세,중상
8392,2020072100100083,2020년 7월 21일 07시,화요일,부산광역시 금정구 금사동,중상사고,0,1,0,0,차대사람 - 기타,교차로운행방법위반,포장 - 건조,맑음,교차로 - 교차로안,승용,여,60세,상해없음,보행자,남,71세,중상
8393,2020072100100191,2020년 7월 21일 11시,화요일,부산광역시 중구 동광동5가,중상사고,0,1,0,0,차대사람 - 횡단중,안전운전불이행,포장 - 건조,맑음,단일로 - 기타,승용,남,65세,상해없음,보행자,남,70세,중상
8394,2020072100100193,2020년 7월 21일 11시,화요일,부산광역시 북구 만덕동,중상사고,0,1,0,0,차대사람 - 기타,안전운전불이행,포장 - 건조,맑음,단일로 - 기타,승용,여,47세,상해없음,보행자,남,49세,중상
8395,2020072100100267,2020년 7월 21일 13시,화요일,부산광역시 해운대구 우동,경상사고,0,0,1,0,차대사람 - 기타,안전운전불이행,포장 - 기타,기타,기타 - 기타,승용,기타불명,미분류,기타불명,보행자,남,19세,경상
8396,2020072100100268,2020년 7월 21일 13시,화요일,부산광역시 금정구 부곡동,경상사고,0,0,1,0,차대사람 - 기타,안전운전불이행,포장 - 건조,맑음,교차로 - 교차로안,승용,남,65세,상해없음,보행자,여,41세,경상
8397,2020072100100306,2020년 7월 21일 14시,화요일,부산광역시 북구 덕천동,중상사고,0,1,0,0,차대사람 - 기타,중앙선침범,포장 - 건조,맑음,교차로 - 교차로안,승용,남,68세,상해없음,보행자,여,86세,중상
8398,2020072100100461,2020년 7월 21일 18시,화요일,부산광역시 금정구 구서동,경상사고,0,0,1,0,차대사람 - 기타,안전운전불이행,포장 - 건조,맑음,교차로 - 교차로안,승용,남,56세,상해없음,보행자,여,65세,경상
8399,2020072100100462,2020년 7월 21일 18시,화요일,부산광역시 수영구 수영동,경상사고,0,0,1,0,차대사람 - 횡단중,보행자보호의무위반,포장 - 건조,맑음,단일로 - 기타,이륜,남,20세,상해없음,보행자,여,74세,경상
8400,2020072100100505,2020년 7월 21일 19시,화요일,부산광역시 동래구 안락동,부상신고사고,0,0,0,1,차대사람 - 기타,안전운전불이행,포장 - 젖음/습기,맑음,단일로 - 지하차도(도로)내,승합,남,42세,상해없음,보행자,여,20세,부상신고
8401,2020072100100617,2020년 7월 21일 23시,화요일,부산광역시 금정구 남산동,중상사고,0,1,0,0,차대사람 - 기타,안전운전불이행,포장 - 젖음/습기,비,단일로 - 기타,승용,남,65세,상해없음,보행자,남,60세,중상
8402,2020072200100038,2020년 7월 22일 03시,수요일,부산광역시 해운대구 우동,중상사고,0,1,0,0,차대사람 - 기타,보행자보호의무위반,포장 - 젖음/습기,비,단일로 - 기타,승용,남,37세,상해없음,보행자,여,37세,중상
8403,2020072200100235,2020년 7월 22일 11시,수요일,부산광역시 금정구 서동,중상사고,0,1,0,0,차대사람 - 기타,보행자보호의무위반,포장 - 건조,맑음,단일로 - 기타,이륜,남,63세,상해없음,보행자,여,82세,중상
8404,2020072200100264,2020년 7월 22일 12시,수요일,부산광역시 금정구 남산동,경상사고,0,0,1,0,차대사람 - 차도통행중,안전운전불이행,포장 - 건조,맑음,단일로 - 터널,승용,남,72세,상해없음,보행자,남,34세,경상