,사고번호,사고일시,요일,시군구,사고내용,사망자수,중상자수,경상자수,부상신고자수,사고유형,법규위반,노면상태,기상상태,도로형태,가해운전자 차종,가해운전자 성별,가해운전자 연령,가해운전자 상해정도,피해운전자 차종,피해운전자 성별,피해운전자 연령,피해운전자 상해정도
8625,2020082300100299,2020년 8월 23일 17시,일요일,부산광역시 부산진구 개금동,중상사고,0,1,0,0,차대사람 - 기타,안전운전불이행,포장 - 건조,맑음,단일로 - 기타,승용,남,28세,상해없음,보행자,남,29세,중상
8626,2020082300100388,2020년 8월 23일 20시,일요일,부산광역시 사상구 모라동,경상사고,0,0,1,0,차대사람 - 기타,안전운전불이행,포장 - 건조,맑음,교차로 - 교차로안,이륜,남,26세,상해없음,보행자,남,5세,경상
8627,2020082300100417,2020년 8월 23일 21시,일요일,부산광역시 부산진구 범천동,중상사고,0,1,0,0,차대사람 - 기타,안전운전불이행,포장 - 건조,맑음,교차로 - 교차로부근,승용,남,70세,상해없음,보행자,남,50세,중상
8628,2020082400100047,2020년 8월 24일 06시,월요일,부산광역시 수영구 망미동,경상사고,0,0,1,0,차대사람 - 횡단중,과속,포장 - 건조,맑음,교차로 - 교차로횡단보도내,승용,남,68세,상해없음,보행자,남,18세,경상
8629,2020082400100135,2020년 8월 24일 09시,월요일,부산광역시 동구 범일동,경상사고,0,0,1,0,차대사람 - 차도통행중,안전운전불이행,포장 - 건조,맑음,교차로 - 교차로안,승용,남,67세,상해없음,보행자,남,73세,경상
8630,2020082400100293,2020년 8월 24일 14시,월요일,부산광역시 사하구 하단동,중상사고,0,1,1,1,차대사람 - 횡단중,안전운전불이행,포장 - 건조,맑음,단일로 - 기타,이륜,남,58세,부상신고,보행자,남,48세,중상
8631,2020082400100339,2020년 8월 24일 15시,월요일,부산광역시 부산진구 당감동,중상사고,0,1,0,0,차대사람 - 기타,중앙선침범,포장 - 건조,맑음,기타 - 기타,이륜,남,28세,상해없음,보행자,여,71세,중상
8632,2020082400100478,2020년 8월 24일 18시,월요일,부산광역시 부산진구 당감동,경상사고,0,0,1,0,차대사람 - 기타,안전운전불이행,포장 - 건조,맑음,단일로 - 기타,승용,여,56세,상해없음,보행자,남,65세,경상
8633,2020082400100532,2020년 8월 24일 19시,월요일,부산광역시 기장군 기장읍,중상사고,0,1,0,0,차대사람 - 기타,기타,포장 - 건조,맑음,단일로 - 기타,승합,남,59세,상해없음,보행자,여,64세,중상
8634,2020082400100627,2020년 8월 24일 22시,월요일,부산광역시 해운대구 좌동,경상사고,0,0,2,0,차대사람 - 기타,안전운전불이행,포장 - 건조,맑음,단일로 - 기타,승용,여,37세,상해없음,보행자,남,20세,경상
8635,2020082500100031,2020년 8월 25일 03시,화요일,부산광역시 부산진구 당감동,경상사고,0,0,1,0,차대사람 - 기타,안전운전불이행,포장 - 건조,맑음,단일로 - 기타,승용,남,63세,상해없음,보행자,남,43세,경상
8636,2020082500100357,2020년 8월 25일 15시,화요일,부산광역시 중구 부평동1가,중상사고,0,1,0,0,차대사람 - 기타,안전운전불이행,포장 - 건조,맑음,기타 - 기타,이륜,남,66세,상해없음,보행자,여,75세,중상
8637,2020082500100392,2020년 8월 25일 16시,화요일,부산광역시 해운대구 우동,경상사고,0,0,1,0,차대사람 - 보도통행중,안전운전불이행,포장 - 건조,맑음,단일로 - 기타,승용,남,61세,상해없음,보행자,여,41세,경상
8638,2020082500100440,2020년 8월 25일 17시,화요일,부산광역시 금정구 금사동,경상사고,0,0,1,0,차대사람 - 기타,보행자보호의무위반,포장 - 건조,맑음,기타 - 기타,화물,남,59세,상해없음,보행자,여,4세,경상
8639,2020082500100525,2020년 8월 25일 19시,화요일,부산광역시 동래구 안락동,중상사고,0,1,0,0,차대사람 - 기타,안전운전불이행,포장 - 건조,맑음,교차로 - 교차로안,승용,여,28세,상해없음,보행자,여,72세,중상
8640,2020082500100526,2020년 8월 25일 19시,화요일,부산광역시 해운대구 우동,부상신고사고,0,0,0,1,차대사람 - 보도통행중,안전운전불이행,포장 - 건조,맑음,단일로 - 기타,개인형이동수단(PM),남,21세,기타불명,보행자,여,47세,부상신고
8641,2020082500100658,2020년 8월 25일 23시,화요일,부산광역시 남구 대연동,중상사고,0,1,0,0,차대사람 - 기타,안전운전불이행,포장 - 건조,맑음,교차로 - 교차로안,승합,남,45세,상해없음,보행자,여,22세,중상
8642,2020082600100017,2020년 8월 26일 02시,수요일,부산광역시 사하구 신평동,경상사고,0,0,1,0,차대사람 - 기타,보행자보호의무위반,포장 - 건조,맑음,교차로 - 교차로부근,승용,남,23세,상해없음,보행자,남,39세,경상
8643,2020082600100056,2020년 8월 26일 07시,수요일,부산광역시 부산진구 부암동,경상사고,0,0,1,0,차대사람 - 보도통행중,신호위반,포장 - 건조,맑음,교차로 - 교차로횡단보도내,승용,남,55세,상해없음,보행자,여,68세,경상
8644,2020082600100057,2020년 8월 26일 07시,수요일,부산광역시 수영구 망미동,중상사고,0,1,0,0,차대사람 - 차도통행중,신호위반,포장 - 건조,맑음,단일로 - 기타,승용,남,40세,상해없음,보행자,여,75세,중상
8645,2020082600100514,2020년 8월 26일 22시,수요일,부산광역시 부산진구 가야동,경상사고,0,0,1,1,차대사람 - 횡단중,안전운전불이행,포장 - 건조,맑음,단일로 - 기타,이륜,남,32세,부상신고,보행자,남,63세,경상
8646,2020082700100029,2020년 8월 27일 04시,목요일,부산광역시 북구 구포동,경상사고,0,0,1,0,차대사람 - 기타,안전운전불이행,포장 - 젖음/습기,비,교차로 - 교차로부근,이륜,남,48세,상해없음,보행자,여,56세,경상
8647,2020082700100056,2020년 8월 27일 07시,목요일,부산광역시 남구 용호동,중상사고,0,1,0,0,차대사람 - 횡단중,안전운전불이행,포장 - 젖음/습기,비,단일로 - 기타,승용,남,49세,상해없음,보행자,여,76세,중상
8648,2020082700100125,2020년 8월 27일 09시,목요일,부산광역시 부산진구 부전동,경상사고,0,0,1,0,차대사람 - 횡단중,신호위반,포장 - 건조,맑음,교차로 - 교차로횡단보도내,승용,여,49세,상해없음,보행자,여,57세,경상
8649,2020082700100179,2020년 8월 27일 11시,목요일,부산광역시 해운대구 좌동,경상사고,0,0,1,0,차대사람 - 기타,안전운전불이행,포장 - 건조,맑음,단일로 - 기타,승용,남,55세,상해없음,보행자,남,24세,경상
8650,2020082700100300,2020년 8월 27일 15시,목요일,부산광역시 부산진구 부전동,중상사고,0,1,0,0,차대사람 - 기타,안전운전불이행,포장 - 건조,맑음,단일로 - 기타,승합,남,57세,상해없음,보행자,남,18세,중상
8651,2020082700100339,2020년 8월 27일 16시,목요일,부산광역시 남구 용호동,중상사고,0,1,0,0,차대사람 - 기타,안전운전불이행,포장 - 건조,맑음,기타 - 기타,승용,여,51세,상해없음,보행자,남,42세,중상
8652,2020082700100445,2020년 8월 27일 19시,목요일,부산광역시 연제구 연산동,중상사고,0,1,0,0,차대사람 - 길가장자리구역통행중,안전운전불이행,포장 - 건조,맑음,단일로 - 기타,이륜,남,26세,상해없음,보행자,여,56세,중상
8653,2020082800100017,2020년 8월 28일 01시,금요일,부산광역시 수영구 광안동,중상사고,0,1,0,0,차대사람 - 기타,안전운전불이행,포장 - 건조,흐림,단일로 - 기타,승용,여,22세,상해없음,보행자,여,25세,중상
8654,2020082800100125,2020년 8월 28일 09시,금요일,부산광역시 사하구 하단동,중상사고,0,1,0,0,차대사람 - 기타,안전운전불이행,포장 - 건조,맑음,단일로 - 기타,화물,여,58세,상해없음,보행자,남,63세,중상
8655,2020082800100215,2020년 8월 28일 12시,금요일,부산광역시 부산진구 가야동,중상사고,0,1,0,0,차대사람 - 횡단중,중앙선침범,포장 - 건조,맑음,교차로 - 교차로횡단보도내,승용,남,61세,상해없음,보행자,여,55세,중상
8656,2020082800100319,2020년 8월 28일 15시,금요일,부산광역시 연제구 연산동,경상사고,0,0,1,0,차대사람 - 기타,보행자보호의무위반,포장 - 건조,맑음,단일로 - 기타,승용,여,60세,상해없음,보행자,여,53세,경상
8657,2020082800100414,2020년 8월 28일 17시,금요일,부산광역시 부산진구 부전동,경상사고,0,0,1,0,차대사람 - 차도통행중,안전운전불이행,포장 - 건조,맑음,단일로 - 기타,승용,남,33세,상해없음,보행자,남,18세,경상
8658,2020082900100021,2020년 8월 29일 01시,토요일,부산광역시 수영구 광안동,중상사고,0,1,1,0,차대사람 - 보도통행중,안전운전불이행,포장 - 젖음/습기,비,기타 - 기타,승용,남,57세,상해없음,보행자,남,33세,중상
8659,2020082900100022,2020년 8월 29일 01시,토요일,부산광역시 사하구 다대동,경상사고,0,0,1,0,차대사람 - 기타,안전운전불이행,포장 - 젖음/습기,비,단일로 - 기타,승용,남,49세,상해없음,보행자,남,38세,경상
8660,2020082900100023,2020년 8월 29일 01시,토요일,부산광역시 강서구 명지동,중상사고,0,2,0,0,차대사람 - 기타,안전운전불이행,포장 - 젖음/습기,비,단일로 - 기타,승용,여,47세,상해없음,보행자,여,25세,중상
8661,2020082900100066,2020년 8월 29일 05시,토요일,부산광역시 사하구 감천동,중상사고,0,1,0,0,차대사람 - 횡단중,신호위반,포장 - 건조,맑음,교차로 - 교차로횡단보도내,승용,남,56세,상해없음,보행자,남,75세,중상
8662,2020082900100079,2020년 8월 29일 06시,토요일,부산광역시 부산진구 부전동,경상사고,0,0,1,0,차대사람 - 기타,안전운전불이행,포장 - 건조,맑음,단일로 - 기타,승용,남,22세,상해없음,보행자,남,28세,경상
8663,2020082900100153,2020년 8월 29일 10시,토요일,부산광역시 해운대구 반송동,경상사고,0,0,1,0,차대사람 - 횡단중,신호위반,포장 - 건조,맑음,단일로 - 기타,승용,여,60세,상해없음,보행자,남,51세,경상
8664,2020082900100415,2020년 8월 29일 18시,토요일,부산광역시 영도구 청학동,경상사고,0,0,1,0,차대사람 - 횡단중,안전운전불이행,포장 - 건조,맑음,교차로 - 교차로안,승용,남,68세,상해없음,보행자,여,69세,경상
8665,2020082900100561,2020년 8월 29일 23시,토요일,부산광역시 사상구 괘법동,경상사고,0,0,2,0,차대사람 - 횡단중,안전운전불이행,포장 - 건조,맑음,교차로 - 교차로안,승용,남,65세,상해없음,보행자,남,24세,경상
8666,2020083000100108,2020년 8월 30일 10시,일요일,부산광역시 부산진구 부암동,중상사고,0,1,0,0,차대사람 - 기타,안전운전불이행,포장 - 건조,맑음,단일로 - 기타,승용,여,65세,상해없음,보행자,여,60세,중상
8667,2020083000100194,2020년 8월 30일 14시,일요일,부산광역시 동구 초량동,중상사고,0,1,0,0,차대사람 - 기타,안전운전불이행,포장 - 건조,맑음,단일로 - 기타,건설기계,남,51세,상해없음,보행자,남,18세,중상
8668,2020083000100284,2020년 8월 30일 17시,일요일,부산광역시 북구 만덕동,중상사고,0,1,0,0,차대사람 - 횡단중,안전운전불이행,포장 - 건조,맑음,단일로 - 지하차도(도로)내,승용,남,56세,상해없음,보행자,여,54세,중상
8669,2020083000100285,2020년 8월 30일 17시,일요일,부산광역시 기장군 정관읍,경상사고,0,0,1,0,차대사람 - 횡단중,신호위반,포장 - 건조,맑음,교차로 - 교차로횡단보도내,승용,남,70세,상해없음,보행자,여,37세,경상
8670,2020083100100026,2020년 8월 31일 03시,월요일,부산광역시 사하구 장림동,경상사고,0,0,1,0,차대사람 - 기타,신호위반,포장 - 건조,맑음,교차로 - 교차로횡단보도내,승용,여,64세,상해없음,보행자,여,31세,경상
8671,2020083100100144,2020년 8월 31일 10시,월요일,부산광역시 남구 문현동,경상사고,0,0,1,0,차대사람 - 횡단중,보행자보호의무위반,포장 - 건조,맑음,기타 - 기타,승합,남,49세,상해없음,보행자,남,28세,경상
8672,2020083100100303,2020년 8월 31일 15시,월요일,부산광역시 수영구 광안동,중상사고,0,1,0,0,차대사람 - 보도통행중,안전운전불이행,포장 - 건조,맑음,기타 - 기타,화물,남,42세,상해없음,보행자,여,60세,중상
8673,2020083100100304,2020년 8월 31일 15시,월요일,부산광역시 해운대구 중동,중상사고,0,1,0,0,차대사람 - 기타,안전운전불이행,포장 - 건조,맑음,단일로 - 기타,승합,남,53세,상해없음,보행자,남,16세,중상
8674,2020083100100337,2020년 8월 31일 16시,월요일,부산광역시 사하구 장림동,경상사고,0,0,1,0,차대사람 - 횡단중,보행자보호의무위반,포장 - 건조,맑음,교차로 - 교차로부근,승용,남,23세,상해없음,보행자,남,48세,경상
8675,2020083100100541,2020년 8월 31일 21시,월요일,부산광역시 남구 용호동,경상사고,0,0,1,0,차대사람 - 기타,안전운전불이행,포장 - 건조,맑음,교차로 - 교차로안,이륜,여,33세,상해없음,보행자,남,28세,경상
8676,2020083100100570,2020년 8월 31일 23시,월요일,부산광역시 중구 보수동1가,중상사고,0,1,0,0,차대사람 - 횡단중,안전운전불이행,포장 - 건조,맑음,교차로 - 교차로안,승용,남,41세,상해없음,보행자,남,65세,중상
8677,2020090100100001,2020년 9월 1일 00시,화요일,부산광역시 해운대구 재송동,경상사고,0,0,1,0,차대사람 - 기타,안전운전불이행,포장 - 건조,맑음,단일로 - 기타,승합,남,70세,상해없음,보행자,남,59세,경상
8678,2020090100100017,2020년 9월 1일 03시,화요일,부산광역시 연제구 연산동,경상사고,0,0,1,0,차대사람 - 횡단중,신호위반,포장 - 건조,맑음,교차로 - 교차로횡단보도내,승용,남,39세,상해없음,보행자,남,47세,경상
8679,2020090100100137,2020년 9월 1일 10시,화요일,부산광역시 부산진구 범천동,경상사고,0,0,1,0,차대사람 - 보도통행중,기타,포장 - 건조,맑음,단일로 - 기타,승용,남,53세,상해없음,보행자,남,40세,경상
8680,2020090100100278,2020년 9월 1일 15시,화요일,부산광역시 서구 서대신동3가,중상사고,0,1,0,0,차대사람 - 차도통행중,안전운전불이행,포장 - 건조,맑음,교차로 - 교차로안,승용,여,36세,상해없음,보행자,여,43세,중상
8681,2020090100100280,2020년 9월 1일 15시,화요일,부산광역시 부산진구 부전동,경상사고,0,0,1,0,차대사람 - 보도통행중,기타,포장 - 건조,맑음,단일로 - 기타,이륜,남,41세,상해없음,보행자,남,40세,경상
8682,2020090100100318,2020년 9월 1일 16시,화요일,부산광역시 수영구 광안동,중상사고,0,1,0,0,차대사람 - 기타,기타,포장 - 건조,맑음,기타 - 기타,승용,남,31세,상해없음,보행자,여,7세,중상
8683,2020090100100479,2020년 9월 1일 20시,화요일,부산광역시 기장군 정관읍,경상사고,0,0,1,0,차대사람 - 기타,안전운전불이행,포장 - 젖음/습기,비,교차로 - 교차로횡단보도내,승용,남,28세,상해없음,보행자,남,27세,경상
8684,2020090200100040,2020년 9월 2일 06시,수요일,부산광역시 부산진구 초읍동,부상신고사고,0,0,0,1,차대사람 - 기타,안전운전불이행,포장 - 건조,맑음,단일로 - 기타,승합,남,40세,상해없음,보행자,남,16세,부상신고
8685,2020090200100188,2020년 9월 2일 13시,수요일,부산광역시 중구 중앙동5가,경상사고,0,0,1,0,차대사람 - 기타,안전운전불이행,포장 - 건조,맑음,단일로 - 기타,화물,남,48세,상해없음,보행자,남,29세,경상
8686,2020090200100240,2020년 9월 2일 15시,수요일,부산광역시 연제구 연산동,중상사고,0,1,0,0,차대사람 - 기타,안전운전불이행,포장 - 건조,맑음,교차로 - 교차로부근,승합,남,53세,상해없음,보행자,여,19세,중상
8687,2020090200100273,2020년 9월 2일 16시,수요일,부산광역시 금정구 구서동,경상사고,0,0,1,0,차대사람 - 기타,안전운전불이행,포장 - 젖음/습기,비,교차로 - 교차로안,화물,여,55세,상해없음,보행자,남,50세,경상
8688,2020090200100274,2020년 9월 2일 16시,수요일,부산광역시 연제구 거제동,중상사고,0,1,0,0,차대사람 - 횡단중,안전운전불이행,포장 - 젖음/습기,맑음,단일로 - 기타,승용,남,45세,상해없음,보행자,남,8세,중상
8689,2020090200100305,2020년 9월 2일 17시,수요일,부산광역시 동래구 온천동,경상사고,0,0,1,0,차대사람 - 기타,안전운전불이행,포장 - 건조,맑음,단일로 - 기타,화물,남,48세,상해없음,보행자,여,55세,경상
8690,2020090200100377,2020년 9월 2일 19시,수요일,부산광역시 수영구 광안동,중상사고,0,1,0,0,차대사람 - 길가장자리구역통행중,안전운전불이행,포장 - 건조,기타,단일로 - 기타,승용,남,62세,상해없음,보행자,여,81세,중상
8691,2020090300100046,2020년 9월 3일 05시,목요일,부산광역시 부산진구 당감동,사망사고,1,0,0,0,차대사람 - 차도통행중,안전운전불이행,포장 - 건조,흐림,단일로 - 기타,승용,남,39세,상해없음,보행자,여,78세,사망
8692,2020090300100057,2020년 9월 3일 06시,목요일,부산광역시 사하구 구평동,중상사고,0,1,0,0,차대사람 - 횡단중,보행자보호의무위반,포장 - 젖음/습기,흐림,교차로 - 교차로횡단보도내,승용,남,48세,상해없음,보행자,여,67세,중상
8693,2020090300100412,2020년 9월 3일 19시,목요일,부산광역시 금정구 남산동,경상사고,0,0,1,0,차대사람 - 횡단중,보행자보호의무위반,포장 - 건조,맑음,교차로 - 교차로횡단보도내,화물,남,42세,상해없음,보행자,남,59세,경상
8694,2020090400100052,2020년 9월 4일 07시,금요일,부산광역시 동래구 사직동,경상사고,0,0,1,0,차대사람 - 횡단중,안전운전불이행,포장 - 건조,맑음,교차로 - 교차로횡단보도내,승용,남,42세,상해없음,보행자,여,82세,경상
8695,2020090400100079,2020년 9월 4일 08시,금요일,부산광역시 해운대구 우동,경상사고,0,0,1,0,차대사람 - 횡단중,보행자보호의무위반,포장 - 건조,맑음,교차로 - 교차로횡단보도내,승용,남,40세,상해없음,보행자,여,20세,경상
8696,2020090400100397,2020년 9월 4일 17시,금요일,부산광역시 사하구 신평동,중상사고,0,1,0,0,차대사람 - 기타,안전운전불이행,포장 - 건조,맑음,단일로 - 기타,화물,남,57세,상해없음,보행자,여,65세,중상
8697,2020090400100494,2020년 9월 4일 19시,금요일,부산광역시 동래구 명륜동,부상신고사고,0,0,0,1,차대사람 - 횡단중,안전운전불이행,포장 - 건조,맑음,단일로 - 기타,승용,남,67세,상해없음,보행자,남,64세,부상신고
8698,2020090400100496,2020년 9월 4일 19시,금요일,부산광역시 금정구 서동,중상사고,0,1,0,0,차대사람 - 기타,안전운전불이행,포장 - 건조,맑음,단일로 - 기타,이륜,남,22세,상해없음,보행자,여,79세,중상
8699,2020090400100533,2020년 9월 4일 20시,금요일,부산광역시 북구 화명동,경상사고,0,0,1,0,차대사람 - 횡단중,보행자보호의무위반,포장 - 건조,맑음,교차로 - 교차로횡단보도내,승용,남,55세,상해없음,보행자,남,41세,경상
8700,2020090400100592,2020년 9월 4일 22시,금요일,부산광역시 금정구 구서동,중상사고,0,1,0,0,차대사람 - 기타,안전운전불이행,포장 - 건조,맑음,단일로 - 기타,승용,여,50세,상해없음,보행자,남,23세,중상
8701,2020090500100073,2020년 9월 5일 08시,토요일,부산광역시 부산진구 부전동,경상사고,0,0,1,0,차대사람 - 차도통행중,안전운전불이행,포장 - 젖음/습기,비,교차로 - 교차로안,화물,남,59세,상해없음,보행자,남,46세,경상
8702,2020090500100115,2020년 9월 5일 10시,토요일,부산광역시 금정구 서동,경상사고,0,0,1,0,차대사람 - 횡단중,안전운전불이행,포장 - 젖음/습기,비,교차로 - 교차로안,승용,여,55세,상해없음,보행자,남,66세,경상
8703,2020090500100291,2020년 9월 5일 15시,토요일,부산광역시 연제구 연산동,경상사고,0,0,1,0,차대사람 - 기타,보행자보호의무위반,포장 - 젖음/습기,비,단일로 - 기타,승용,남,40세,상해없음,보행자,여,24세,경상
8704,2020090500100363,2020년 9월 5일 17시,토요일,부산광역시 중구 부평동4가,중상사고,0,1,0,0,차대사람 - 기타,안전운전불이행,포장 - 젖음/습기,흐림,단일로 - 기타,이륜,남,20세,상해없음,보행자,남,65세,중상
8705,2020090500100431,2020년 9월 5일 19시,토요일,부산광역시 해운대구 우동,중상사고,0,1,0,0,차대사람 - 기타,안전운전불이행,포장 - 젖음/습기,비,단일로 - 기타,이륜,남,38세,상해없음,보행자,여,85세,중상
8706,2020090600100003,2020년 9월 6일 00시,일요일,부산광역시 중구 대청동3가,중상사고,0,1,0,0,차대사람 - 횡단중,안전운전불이행,포장 - 젖음/습기,비,단일로 - 기타,승용,남,66세,상해없음,보행자,남,64세,중상
8707,2020090600100099,2020년 9월 6일 11시,일요일,부산광역시 사하구 다대동,부상신고사고,0,0,0,1,차대사람 - 보도통행중,기타,포장 - 건조,맑음,기타 - 기타,기타불명,기타불명,미분류,기타불명,보행자,남,32세,부상신고
8708,2020090600100165,2020년 9월 6일 14시,일요일,부산광역시 중구 대청동4가,부상신고사고,0,0,0,1,차대사람 - 기타,안전운전불이행,포장 - 건조,맑음,단일로 - 기타,기타불명,기타불명,미분류,기타불명,보행자,여,51세,부상신고
8709,2020090600100193,2020년 9월 6일 15시,일요일,부산광역시 북구 화명동,경상사고,0,0,1,0,차대사람 - 기타,안전운전불이행,포장 - 건조,맑음,단일로 - 기타,이륜,남,33세,상해없음,보행자,여,59세,경상
8710,2020090600100287,2020년 9월 6일 19시,일요일,부산광역시 동구 초량동,중상사고,0,1,0,0,차대사람 - 횡단중,보행자보호의무위반,포장 - 젖음/습기,비,교차로 - 교차로횡단보도내,승용,남,69세,상해없음,보행자,남,50세,중상
8711,2020090600100388,2020년 9월 6일 22시,일요일,부산광역시 부산진구 부전동,경상사고,0,0,1,0,차대사람 - 길가장자리구역통행중,안전운전불이행,포장 - 건조,맑음,단일로 - 기타,승용,남,18세,상해없음,보행자,남,25세,경상
8712,2020090700100060,2020년 9월 7일 07시,월요일,부산광역시 부산진구 범천동,경상사고,0,0,1,0,차대사람 - 횡단중,보행자보호의무위반,포장 - 젖음/습기,비,기타 - 기타,승용,남,54세,상해없음,보행자,여,54세,경상
8713,2020090700100061,2020년 9월 7일 07시,월요일,부산광역시 금정구 부곡동,중상사고,0,1,0,0,차대사람 - 횡단중,보행자보호의무위반,포장 - 젖음/습기,비,교차로 - 교차로횡단보도내,승용,남,51세,상해없음,보행자,여,53세,중상
8714,2020090700100225,2020년 9월 7일 13시,월요일,부산광역시 북구 화명동,중상사고,0,1,0,0,차대사람 - 기타,불법유턴,포장 - 건조,맑음,단일로 - 기타,승용,남,69세,상해없음,보행자,남,50세,중상
8715,2020090700100302,2020년 9월 7일 15시,월요일,부산광역시 기장군 장안읍,경상사고,0,0,1,0,차대사람 - 기타,안전운전불이행,포장 - 건조,맑음,기타 - 기타,승용,여,61세,상해없음,보행자,여,65세,경상
8716,2020090700100369,2020년 9월 7일 17시,월요일,부산광역시 연제구 연산동,경상사고,0,0,1,0,차대사람 - 횡단중,안전운전불이행,포장 - 건조,맑음,단일로 - 기타,화물,여,22세,상해없음,보행자,여,63세,경상
8717,2020090700100443,2020년 9월 7일 19시,월요일,부산광역시 해운대구 재송동,중상사고,0,1,0,0,차대사람 - 기타,안전운전불이행,포장 - 건조,맑음,단일로 - 기타,승용,남,27세,상해없음,보행자,남,65세,중상
8718,2020090800100131,2020년 9월 8일 09시,화요일,부산광역시 부산진구 개금동,중상사고,0,1,0,0,차대사람 - 기타,안전운전불이행,포장 - 건조,기타,단일로 - 기타,화물,남,64세,상해없음,보행자,여,78세,중상
8719,2020090800100168,2020년 9월 8일 10시,화요일,부산광역시 사상구 괘법동,경상사고,0,0,1,0,차대사람 - 보도통행중,기타,포장 - 건조,맑음,단일로 - 기타,기타불명,기타불명,미분류,기타불명,보행자,남,43세,경상
8720,2020090800100232,2020년 9월 8일 12시,화요일,부산광역시 남구 용호동,경상사고,0,0,1,0,차대사람 - 차도통행중,안전운전불이행,포장 - 건조,맑음,단일로 - 기타,승용,여,26세,상해없음,보행자,남,22세,경상
8721,2020090800100264,2020년 9월 8일 13시,화요일,부산광역시 해운대구 재송동,중상사고,0,1,0,0,차대사람 - 횡단중,안전운전불이행,포장 - 건조,맑음,교차로 - 교차로안,승용,여,47세,상해없음,보행자,여,66세,중상
8722,2020090800100377,2020년 9월 8일 16시,화요일,부산광역시 사상구 감전동,경상사고,0,0,1,0,차대사람 - 기타,교차로운행방법위반,포장 - 건조,맑음,교차로 - 교차로부근,승용,남,32세,기타불명,보행자,여,33세,경상
8723,2020090800100462,2020년 9월 8일 18시,화요일,부산광역시 남구 대연동,경상사고,0,0,1,0,차대사람 - 기타,안전운전불이행,포장 - 건조,맑음,단일로 - 기타,승용,남,46세,상해없음,보행자,남,45세,경상
8724,2020090800100506,2020년 9월 8일 19시,화요일,부산광역시 수영구 남천동,중상사고,0,1,1,0,차대사람 - 횡단중,신호위반,포장 - 건조,맑음,단일로 - 기타,원동기,남,19세,경상,보행자,여,19세,중상
8725,2020090800100543,2020년 9월 8일 20시,화요일,부산광역시 수영구 광안동,경상사고,0,0,1,0,차대사람 - 횡단중,안전운전불이행,포장 - 건조,맑음,교차로 - 교차로부근,승용,여,51세,상해없음,보행자,여,48세,경상
8726,2020090900100004,2020년 9월 9일 00시,수요일,부산광역시 수영구 수영동,중상사고,0,1,0,0,차대사람 - 기타,안전운전불이행,포장 - 건조,맑음,단일로 - 기타,승용,남,39세,상해없음,보행자,남,50세,중상
8727,2020090900100076,2020년 9월 9일 08시,수요일,부산광역시 남구 감만동,경상사고,0,0,1,0,차대사람 - 보도통행중,기타,포장 - 젖음/습기,비,교차로 - 교차로부근,이륜,남,61세,상해없음,보행자,여,19세,경상
8728,2020090900100077,2020년 9월 9일 08시,수요일,부산광역시 강서구 명지동,경상사고,0,0,1,0,차대사람 - 기타,안전운전불이행,포장 - 건조,맑음,교차로 - 교차로안,승용,남,43세,상해없음,보행자,여,28세,경상
8729,2020090900100104,2020년 9월 9일 09시,수요일,부산광역시 동구 수정동,중상사고,0,1,0,0,차대사람 - 차도통행중,안전운전불이행,포장 - 젖음/습기,흐림,교차로 - 교차로부근,승용,여,57세,상해없음,보행자,여,82세,중상
8730,2020090900100105,2020년 9월 9일 09시,수요일,부산광역시 영도구 청학동,중상사고,0,1,0,0,차대사람 - 길가장자리구역통행중,기타,포장 - 젖음/습기,비,단일로 - 기타,승용,남,68세,상해없음,보행자,여,53세,중상
8731,2020090900100162,2020년 9월 9일 11시,수요일,부산광역시 부산진구 부전동,중상사고,0,1,0,0,차대사람 - 횡단중,보행자보호의무위반,포장 - 건조,맑음,교차로 - 교차로횡단보도내,승용,남,65세,상해없음,보행자,여,55세,중상
8732,2020090900100194,2020년 9월 9일 12시,수요일,부산광역시 부산진구 범전동,중상사고,0,1,0,0,차대사람 - 횡단중,신호위반,포장 - 건조,맑음,단일로 - 기타,이륜,남,73세,상해없음,보행자,여,18세,중상
8733,2020090900100214,2020년 9월 9일 13시,수요일,부산광역시 금정구 구서동,경상사고,0,0,1,0,차대사람 - 횡단중,보행자보호의무위반,포장 - 건조,맑음,단일로 - 기타,화물,남,40세,상해없음,보행자,여,58세,경상
8734,2020090900100243,2020년 9월 9일 14시,수요일,부산광역시 수영구 남천동,중상사고,0,1,0,0,차대사람 - 기타,안전운전불이행,포장 - 건조,맑음,단일로 - 기타,승용,남,76세,상해없음,보행자,남,56세,중상