,사고번호,사고일시,요일,시군구,사고내용,사망자수,중상자수,경상자수,부상신고자수,사고유형,법규위반,노면상태,기상상태,도로형태,가해운전자 차종,가해운전자 성별,가해운전자 연령,가해운전자 상해정도,피해운전자 차종,피해운전자 성별,피해운전자 연령,피해운전자 상해정도
9066,2020102000100083,2020년 10월 20일 08시,화요일,부산광역시 동래구 사직동,중상사고,0,1,0,0,차대사람 - 기타,안전운전불이행,포장 - 건조,맑음,교차로 - 교차로횡단보도내,화물,남,36세,상해없음,보행자,남,49세,중상
9067,2020102000100239,2020년 10월 20일 12시,화요일,부산광역시 사상구 주례동,경상사고,0,0,2,0,차대사람 - 기타,안전운전불이행,포장 - 건조,맑음,단일로 - 기타,승용,여,46세,상해없음,보행자,여,35세,경상
9068,2020102000100317,2020년 10월 20일 14시,화요일,부산광역시 해운대구 재송동,중상사고,0,1,0,0,차대사람 - 기타,안전운전불이행,포장 - 건조,맑음,단일로 - 기타,승용,남,44세,상해없음,보행자,남,75세,중상
9069,2020102000100519,2020년 10월 20일 18시,화요일,부산광역시 동구 범일동,경상사고,0,0,1,0,차대사람 - 기타,기타,포장 - 건조,맑음,단일로 - 기타,화물,남,52세,상해없음,보행자,남,48세,경상
9070,2020102000100520,2020년 10월 20일 18시,화요일,부산광역시 서구 암남동,중상사고,0,1,0,0,차대사람 - 기타,안전운전불이행,포장 - 건조,맑음,단일로 - 기타,승용,남,68세,상해없음,보행자,여,56세,중상
9071,2020102000100678,2020년 10월 20일 21시,화요일,부산광역시 부산진구 부전동,경상사고,0,0,1,0,차대사람 - 차도통행중,안전운전불이행,포장 - 건조,맑음,교차로 - 교차로안,승용,남,67세,상해없음,보행자,남,21세,경상
9072,2020102100100008,2020년 10월 21일 00시,수요일,부산광역시 부산진구 양정동,중상사고,0,1,0,0,차대사람 - 횡단중,안전운전불이행,포장 - 건조,맑음,교차로 - 교차로부근,이륜,남,23세,상해없음,보행자,남,69세,중상
9073,2020102100100201,2020년 10월 21일 10시,수요일,부산광역시 중구 영주동,중상사고,0,1,0,0,차대사람 - 횡단중,안전운전불이행,포장 - 건조,맑음,단일로 - 기타,승용,남,43세,상해없음,보행자,여,73세,중상
9074,2020102100100333,2020년 10월 21일 15시,수요일,부산광역시 부산진구 부전동,경상사고,0,0,1,0,차대사람 - 횡단중,보행자보호의무위반,포장 - 건조,맑음,교차로 - 교차로횡단보도내,화물,남,39세,상해없음,보행자,여,23세,경상
9075,2020102100100590,2020년 10월 21일 20시,수요일,부산광역시 해운대구 우동,경상사고,0,0,2,0,차대사람 - 횡단중,기타,포장 - 젖음/습기,비,교차로 - 교차로안,승용,남,57세,상해없음,보행자,여,25세,경상
9076,2020102100100636,2020년 10월 21일 21시,수요일,부산광역시 사상구 모라동,경상사고,0,0,1,0,차대사람 - 기타,안전운전불이행,포장 - 건조,맑음,교차로 - 교차로부근,승용,여,42세,상해없음,보행자,남,60세,경상
9077,2020102100100673,2020년 10월 21일 22시,수요일,부산광역시 사하구 괴정동,중상사고,0,1,0,0,차대사람 - 횡단중,안전운전불이행,포장 - 젖음/습기,비,교차로 - 교차로안,승용,남,62세,상해없음,보행자,남,62세,중상
9078,2020102200100002,2020년 10월 22일 00시,목요일,부산광역시 남구 대연동,경상사고,0,0,1,0,차대사람 - 차도통행중,보행자보호의무위반,포장 - 젖음/습기,비,교차로 - 교차로부근,이륜,남,32세,상해없음,보행자,남,41세,경상
9079,2020102200100176,2020년 10월 22일 10시,목요일,부산광역시 부산진구 부전동,중상사고,0,1,0,0,차대사람 - 차도통행중,안전운전불이행,포장 - 건조,맑음,단일로 - 기타,승용,남,32세,상해없음,보행자,여,76세,중상
9080,2020102200100415,2020년 10월 22일 17시,목요일,부산광역시 영도구 동삼동,중상사고,0,1,0,0,차대사람 - 기타,보행자보호의무위반,포장 - 건조,맑음,교차로 - 교차로횡단보도내,승합,남,62세,상해없음,보행자,남,79세,중상
9081,2020102200100459,2020년 10월 22일 18시,목요일,부산광역시 남구 감만동,경상사고,0,0,1,0,차대사람 - 횡단중,안전운전불이행,포장 - 건조,맑음,단일로 - 기타,기타불명,기타불명,미분류,기타불명,보행자,남,52세,경상
9082,2020102200100460,2020년 10월 22일 18시,목요일,부산광역시 사하구 감천동,중상사고,0,1,0,0,차대사람 - 기타,안전운전불이행,포장 - 건조,맑음,단일로 - 기타,승용,남,70세,상해없음,보행자,남,85세,중상
9083,2020102200100568,2020년 10월 22일 20시,목요일,부산광역시 수영구 수영동,사망사고,1,0,0,0,차대사람 - 횡단중,안전운전불이행,포장 - 건조,맑음,교차로 - 교차로횡단보도내,승용,남,54세,상해없음,보행자,여,84세,사망
9084,2020102200100615,2020년 10월 22일 22시,목요일,부산광역시 금정구 장전동,중상사고,0,1,0,0,차대사람 - 길가장자리구역통행중,안전운전불이행,포장 - 건조,맑음,단일로 - 기타,승용,남,19세,상해없음,보행자,여,23세,중상
9085,2020102300100279,2020년 10월 23일 12시,금요일,부산광역시 동래구 수안동,중상사고,0,1,0,0,차대사람 - 기타,안전운전불이행,포장 - 건조,맑음,교차로 - 교차로안,승용,남,41세,상해없음,보행자,여,81세,중상
9086,2020102300100358,2020년 10월 23일 14시,금요일,부산광역시 부산진구 범천동,경상사고,0,0,1,0,차대사람 - 차도통행중,안전운전불이행,포장 - 건조,맑음,단일로 - 기타,승용,여,48세,상해없음,보행자,여,54세,경상
9087,2020102300100404,2020년 10월 23일 15시,금요일,부산광역시 남구 대연동,부상신고사고,0,0,0,1,차대사람 - 길가장자리구역통행중,안전운전불이행,포장 - 건조,맑음,단일로 - 기타,기타불명,기타불명,미분류,기타불명,보행자,여,24세,부상신고
9088,2020102300100457,2020년 10월 23일 16시,금요일,부산광역시 금정구 부곡동,경상사고,0,0,1,0,차대사람 - 기타,보행자보호의무위반,포장 - 건조,맑음,교차로 - 교차로안,승용,여,39세,상해없음,보행자,여,21세,경상
9089,2020102300100518,2020년 10월 23일 17시,금요일,부산광역시 중구 영주동,중상사고,0,1,0,0,차대사람 - 횡단중,안전운전불이행,포장 - 건조,맑음,단일로 - 기타,승용,남,58세,상해없음,보행자,여,7세,중상
9090,2020102300100520,2020년 10월 23일 17시,금요일,부산광역시 남구 대연동,중상사고,0,1,0,0,차대사람 - 횡단중,안전운전불이행,포장 - 건조,맑음,단일로 - 기타,이륜,남,46세,상해없음,보행자,여,59세,중상
9091,2020102300100585,2020년 10월 23일 18시,금요일,부산광역시 서구 서대신동3가,중상사고,0,1,0,0,차대사람 - 횡단중,신호위반,포장 - 건조,맑음,교차로 - 교차로안,화물,남,63세,상해없음,보행자,여,80세,중상
9092,2020102300100682,2020년 10월 23일 19시,금요일,부산광역시 사상구 주례동,경상사고,0,0,1,0,차대사람 - 기타,안전운전불이행,포장 - 건조,맑음,단일로 - 기타,기타불명,기타불명,미분류,기타불명,보행자,여,33세,경상
9093,2020102400100137,2020년 10월 24일 09시,토요일,부산광역시 동래구 복천동,경상사고,0,0,1,0,차대사람 - 기타,안전운전불이행,포장 - 건조,맑음,기타 - 기타,승용,남,61세,상해없음,보행자,여,60세,경상
9094,2020102400100197,2020년 10월 24일 11시,토요일,부산광역시 해운대구 우동,중상사고,0,1,0,0,차대사람 - 횡단중,보행자보호의무위반,포장 - 건조,맑음,단일로 - 기타,자전거,남,12세,상해없음,보행자,여,71세,중상
9095,2020102400100243,2020년 10월 24일 12시,토요일,부산광역시 북구 덕천동,중상사고,0,1,0,0,차대사람 - 기타,안전운전불이행,포장 - 건조,맑음,기타 - 기타,승용,남,51세,상해없음,보행자,남,63세,중상
9096,2020102400100342,2020년 10월 24일 14시,토요일,부산광역시 연제구 연산동,중상사고,0,1,0,0,차대사람 - 길가장자리구역통행중,안전운전불이행,포장 - 건조,맑음,단일로 - 기타,승용,여,34세,상해없음,보행자,여,69세,중상
9097,2020102400100402,2020년 10월 24일 15시,토요일,부산광역시 금정구 서동,경상사고,0,0,1,0,차대사람 - 기타,안전운전불이행,포장 - 건조,맑음,교차로 - 교차로안,승용,남,61세,상해없음,보행자,여,54세,경상
9098,2020102400100403,2020년 10월 24일 15시,토요일,부산광역시 사상구 모라동,중상사고,0,1,0,0,차대사람 - 횡단중,안전운전불이행,포장 - 건조,맑음,단일로 - 기타,화물,남,64세,상해없음,보행자,남,60세,중상
9099,2020102500100408,2020년 10월 25일 18시,일요일,부산광역시 남구 대연동,부상신고사고,0,0,0,1,차대사람 - 보도통행중,안전운전불이행,포장 - 건조,맑음,교차로 - 교차로부근,승용,남,60세,상해없음,보행자,남,45세,부상신고
9100,2020102500100410,2020년 10월 25일 18시,일요일,부산광역시 북구 구포동,부상신고사고,0,0,0,1,차대사람 - 기타,안전운전불이행,포장 - 건조,맑음,교차로 - 교차로안,승용,여,42세,상해없음,보행자,남,68세,부상신고
9101,2020102500100572,2020년 10월 25일 23시,일요일,부산광역시 해운대구 재송동,부상신고사고,0,0,0,1,차대사람 - 횡단중,안전운전불이행,포장 - 건조,맑음,교차로 - 교차로안,승용,남,59세,상해없음,보행자,남,55세,부상신고
9102,2020102600100102,2020년 10월 26일 08시,월요일,부산광역시 사상구 모라동,경상사고,0,0,1,0,차대사람 - 횡단중,안전운전불이행,포장 - 건조,맑음,교차로 - 교차로안,승용,여,45세,상해없음,보행자,남,76세,경상
9103,2020102600100168,2020년 10월 26일 09시,월요일,부산광역시 사하구 하단동,중상사고,0,1,0,0,차대사람 - 기타,안전운전불이행,포장 - 건조,맑음,단일로 - 지하차도(도로)내,승용,여,32세,상해없음,보행자,남,67세,중상
9104,2020102600100359,2020년 10월 26일 14시,월요일,부산광역시 사상구 덕포동,경상사고,0,0,1,0,차대사람 - 보도통행중,보행자보호의무위반,포장 - 건조,맑음,교차로 - 교차로횡단보도내,화물,남,40세,상해없음,보행자,여,62세,경상
9105,2020102600100433,2020년 10월 26일 16시,월요일,부산광역시 부산진구 전포동,중상사고,0,1,0,0,차대사람 - 기타,안전운전불이행,포장 - 건조,맑음,단일로 - 기타,화물,남,37세,상해없음,보행자,여,81세,중상
9106,2020102600100532,2020년 10월 26일 18시,월요일,부산광역시 북구 금곡동,중상사고,0,1,0,0,차대사람 - 횡단중,신호위반,포장 - 건조,맑음,단일로 - 기타,이륜,남,19세,상해없음,보행자,남,37세,중상
9107,2020102700100005,2020년 10월 27일 00시,화요일,부산광역시 금정구 장전동,경상사고,0,0,2,0,차대사람 - 횡단중,안전운전불이행,포장 - 건조,맑음,교차로 - 교차로횡단보도내,승용,남,26세,상해없음,보행자,여,20세,경상
9108,2020102700100071,2020년 10월 27일 07시,화요일,부산광역시 남구 대연동,중상사고,0,1,0,0,차대사람 - 기타,기타,포장 - 건조,맑음,기타 - 기타,승용,여,62세,상해없음,보행자,여,53세,중상
9109,2020102700100132,2020년 10월 27일 09시,화요일,부산광역시 부산진구 부전동,중상사고,0,1,0,0,차대사람 - 기타,안전운전불이행,포장 - 건조,맑음,단일로 - 기타,승용,여,37세,상해없음,보행자,남,46세,중상
9110,2020102700100174,2020년 10월 27일 10시,화요일,부산광역시 동구 수정동,중상사고,0,1,0,0,차대사람 - 기타,안전운전불이행,포장 - 건조,맑음,단일로 - 기타,화물,남,64세,상해없음,보행자,여,65세,중상
9111,2020102700100217,2020년 10월 27일 11시,화요일,부산광역시 연제구 거제동,중상사고,0,1,0,0,차대사람 - 기타,안전운전불이행,포장 - 건조,맑음,교차로 - 교차로안,승용,여,48세,상해없음,보행자,여,93세,중상
9112,2020102700100357,2020년 10월 27일 15시,화요일,부산광역시 금정구 부곡동,중상사고,0,1,0,0,차대사람 - 기타,기타,포장 - 건조,맑음,단일로 - 기타,이륜,남,26세,상해없음,보행자,여,57세,중상
9113,2020102700100358,2020년 10월 27일 15시,화요일,부산광역시 사상구 감전동,중상사고,0,1,0,0,차대사람 - 횡단중,안전운전불이행,포장 - 건조,맑음,단일로 - 기타,이륜,남,48세,상해없음,보행자,남,81세,중상
9114,2020102700100396,2020년 10월 27일 16시,화요일,부산광역시 해운대구 반송동,중상사고,0,1,0,0,차대사람 - 횡단중,안전운전불이행,포장 - 건조,맑음,교차로 - 교차로부근,화물,남,27세,상해없음,보행자,남,86세,중상
9115,2020102700100448,2020년 10월 27일 17시,화요일,부산광역시 연제구 연산동,부상신고사고,0,0,0,1,차대사람 - 기타,신호위반,포장 - 건조,맑음,단일로 - 기타,이륜,남,41세,상해없음,보행자,여,42세,부상신고
9116,2020102700100481,2020년 10월 27일 18시,화요일,부산광역시 부산진구 범천동,경상사고,0,0,1,0,차대사람 - 기타,안전운전불이행,포장 - 건조,맑음,교차로 - 교차로안,승용,남,34세,상해없음,보행자,남,23세,경상
9117,2020102700100593,2020년 10월 27일 20시,화요일,부산광역시 남구 용호동,경상사고,0,0,1,0,차대사람 - 보도통행중,안전운전불이행,포장 - 건조,맑음,기타 - 기타,승용,여,27세,상해없음,보행자,남,14세,경상
9118,2020102700100595,2020년 10월 27일 20시,화요일,부산광역시 해운대구 좌동,중상사고,0,1,0,0,차대사람 - 횡단중,안전운전불이행,포장 - 건조,맑음,교차로 - 교차로안,화물,남,33세,상해없음,보행자,남,72세,중상
9119,2020102700100629,2020년 10월 27일 21시,화요일,부산광역시 강서구 신호동,경상사고,0,0,1,0,차대사람 - 기타,안전운전불이행,포장 - 건조,맑음,단일로 - 기타,승용,남,47세,상해없음,보행자,남,18세,경상
9120,2020102700100655,2020년 10월 27일 22시,화요일,부산광역시 동래구 사직동,부상신고사고,0,0,0,1,차대사람 - 보도통행중,기타,포장 - 건조,맑음,기타 - 기타,원동기,여,18세,상해없음,보행자,여,41세,부상신고
9121,2020102800100264,2020년 10월 28일 12시,수요일,부산광역시 서구 아미동1가,중상사고,0,1,0,0,차대사람 - 기타,안전운전불이행,포장 - 건조,맑음,단일로 - 기타,승합,남,35세,상해없음,보행자,여,83세,중상
9122,2020102800100292,2020년 10월 28일 13시,수요일,부산광역시 사하구 감천동,중상사고,0,1,0,0,차대사람 - 횡단중,안전운전불이행,포장 - 건조,맑음,교차로 - 교차로부근,승용,여,54세,상해없음,보행자,여,9세,중상
9123,2020102800100335,2020년 10월 28일 14시,수요일,부산광역시 북구 구포동,중상사고,0,1,0,0,차대사람 - 기타,안전운전불이행,포장 - 건조,맑음,단일로 - 교량,화물,남,37세,상해없음,보행자,남,76세,중상
9124,2020102800100408,2020년 10월 28일 16시,수요일,부산광역시 동래구 사직동,중상사고,0,1,0,0,차대사람 - 기타,안전운전불이행,포장 - 건조,맑음,교차로 - 교차로부근,승합,남,67세,상해없음,보행자,여,76세,중상
9125,2020102800100409,2020년 10월 28일 16시,수요일,부산광역시 금정구 구서동,중상사고,0,1,0,0,차대사람 - 기타,안전운전불이행,포장 - 건조,맑음,단일로 - 기타,승합,남,61세,상해없음,보행자,남,10세,중상
9126,2020102800100446,2020년 10월 28일 17시,수요일,부산광역시 수영구 광안동,경상사고,0,0,1,0,차대사람 - 기타,보행자보호의무위반,포장 - 건조,맑음,교차로 - 교차로횡단보도내,화물,남,52세,상해없음,보행자,남,74세,경상
9127,2020102800100496,2020년 10월 28일 18시,수요일,부산광역시 사하구 장림동,중상사고,0,1,0,0,차대사람 - 보도통행중,안전운전불이행,포장 - 건조,맑음,교차로 - 교차로횡단보도내,승용,여,50세,상해없음,보행자,여,50세,중상
9128,2020102800100565,2020년 10월 28일 19시,수요일,부산광역시 사하구 하단동,중상사고,0,1,0,0,차대사람 - 길가장자리구역통행중,안전운전불이행,포장 - 건조,맑음,단일로 - 기타,승용,남,53세,상해없음,보행자,여,50세,중상
9129,2020102800100604,2020년 10월 28일 20시,수요일,부산광역시 사상구 엄궁동,경상사고,0,0,1,0,차대사람 - 보도통행중,안전운전불이행,포장 - 건조,맑음,기타 - 기타,승용,남,54세,상해없음,보행자,여,21세,경상
9130,2020102900100014,2020년 10월 29일 01시,목요일,부산광역시 사상구 모라동,중상사고,0,1,1,0,차대사람 - 횡단중,안전운전불이행,포장 - 건조,맑음,단일로 - 기타,승용,남,50세,상해없음,보행자,남,47세,중상
9131,2020102900100023,2020년 10월 29일 02시,목요일,부산광역시 남구 대연동,중상사고,0,1,0,0,차대사람 - 기타,안전운전불이행,포장 - 건조,맑음,교차로 - 교차로안,승용,남,61세,상해없음,보행자,남,44세,중상
9132,2020102900100024,2020년 10월 29일 02시,목요일,부산광역시 금정구 장전동,경상사고,0,0,1,0,차대사람 - 기타,안전운전불이행,포장 - 건조,맑음,교차로 - 교차로안,승용,남,72세,상해없음,보행자,여,22세,경상
9133,2020102900100300,2020년 10월 29일 13시,목요일,부산광역시 북구 덕천동,경상사고,0,0,1,0,차대사람 - 기타,안전운전불이행,포장 - 건조,맑음,단일로 - 기타,승용,남,65세,상해없음,보행자,여,33세,경상
9134,2020102900100301,2020년 10월 29일 13시,목요일,부산광역시 기장군 기장읍,중상사고,0,1,0,0,차대사람 - 기타,안전운전불이행,포장 - 건조,맑음,단일로 - 기타,건설기계,남,50세,상해없음,보행자,여,84세,중상
9135,2020102900100339,2020년 10월 29일 14시,목요일,부산광역시 서구 동대신동2가,중상사고,0,1,0,0,차대사람 - 차도통행중,안전운전불이행,포장 - 건조,맑음,단일로 - 기타,승용,남,68세,상해없음,보행자,여,69세,중상
9136,2020102900100377,2020년 10월 29일 15시,목요일,부산광역시 동래구 온천동,경상사고,0,0,1,0,차대사람 - 횡단중,안전운전불이행,포장 - 건조,맑음,교차로 - 교차로안,승용,여,54세,상해없음,보행자,남,80세,경상
9137,2020102900100378,2020년 10월 29일 15시,목요일,부산광역시 사하구 당리동,경상사고,0,0,1,0,차대사람 - 기타,안전운전불이행,포장 - 건조,맑음,교차로 - 교차로부근,승용,여,65세,상해없음,보행자,여,58세,경상
9138,2020102900100463,2020년 10월 29일 17시,목요일,부산광역시 동래구 명륜동,경상사고,0,0,1,0,차대사람 - 기타,안전운전불이행,포장 - 건조,맑음,교차로 - 교차로안,승용,여,58세,상해없음,보행자,여,57세,경상
9139,2020102900100526,2020년 10월 29일 18시,목요일,부산광역시 북구 금곡동,중상사고,0,1,0,0,차대사람 - 기타,신호위반,포장 - 건조,맑음,교차로 - 교차로안,원동기,남,39세,상해없음,보행자,남,7세,중상
9140,2020102900100528,2020년 10월 29일 18시,목요일,부산광역시 해운대구 좌동,중상사고,0,1,0,0,차대사람 - 차도통행중,안전운전불이행,포장 - 건조,맑음,단일로 - 기타,승용,남,61세,상해없음,보행자,남,13세,중상
9141,2020102900100530,2020년 10월 29일 18시,목요일,부산광역시 사상구 주례동,중상사고,0,1,0,0,차대사람 - 횡단중,보행자보호의무위반,포장 - 건조,맑음,단일로 - 기타,승용,남,34세,상해없음,보행자,여,81세,중상
9142,2020102900100663,2020년 10월 29일 21시,목요일,부산광역시 금정구 남산동,경상사고,0,0,2,0,차대사람 - 횡단중,보행자보호의무위반,포장 - 건조,맑음,교차로 - 교차로횡단보도내,승용,남,56세,경상,보행자,남,53세,경상
9143,2020102900100700,2020년 10월 29일 22시,목요일,부산광역시 북구 금곡동,중상사고,0,1,0,0,차대사람 - 보도통행중,보행자보호의무위반,포장 - 건조,맑음,단일로 - 기타,승용,여,65세,상해없음,보행자,남,59세,중상
9144,2020103000100061,2020년 10월 30일 06시,금요일,부산광역시 사하구 괴정동,중상사고,0,1,0,0,차대사람 - 길가장자리구역통행중,안전운전불이행,포장 - 건조,맑음,단일로 - 기타,승용,남,64세,상해없음,보행자,남,31세,중상
9145,2020103000100196,2020년 10월 30일 10시,금요일,부산광역시 중구 보수동2가,중상사고,0,1,0,0,차대사람 - 횡단중,안전운전불이행,포장 - 건조,맑음,교차로 - 교차로안,승용,남,73세,상해없음,보행자,여,37세,중상
9146,2020103000100232,2020년 10월 30일 11시,금요일,부산광역시 금정구 부곡동,중상사고,0,1,0,0,차대사람 - 보도통행중,안전운전불이행,포장 - 건조,맑음,단일로 - 기타,승용,여,56세,상해없음,보행자,여,65세,중상
9147,2020103000100268,2020년 10월 30일 12시,금요일,부산광역시 남구 용호동,경상사고,0,0,1,0,차대사람 - 기타,안전운전불이행,포장 - 건조,맑음,단일로 - 기타,승합,남,43세,상해없음,보행자,남,66세,경상
9148,2020103000100354,2020년 10월 30일 14시,금요일,부산광역시 사하구 감천동,경상사고,0,0,1,0,차대사람 - 차도통행중,안전운전불이행,포장 - 건조,맑음,교차로 - 교차로안,승합,남,71세,상해없음,보행자,여,59세,경상
9149,2020103000100393,2020년 10월 30일 15시,금요일,부산광역시 남구 대연동,중상사고,0,1,0,0,차대사람 - 기타,안전운전불이행,포장 - 건조,맑음,교차로 - 교차로부근,승용,여,25세,상해없음,보행자,여,71세,중상
9150,2020103000100547,2020년 10월 30일 18시,금요일,부산광역시 북구 덕천동,경상사고,0,0,1,0,차대사람 - 보도통행중,기타,포장 - 건조,맑음,단일로 - 지하차도(도로)내,기타불명,기타불명,미분류,기타불명,보행자,여,41세,경상
9151,2020103000100548,2020년 10월 30일 18시,금요일,부산광역시 동래구 온천동,경상사고,0,0,1,0,차대사람 - 기타,안전운전불이행,포장 - 건조,맑음,교차로 - 교차로안,승용,여,24세,상해없음,보행자,남,51세,경상
9152,2020103000100757,2020년 10월 30일 22시,금요일,부산광역시 부산진구 양정동,중상사고,0,1,0,0,차대사람 - 횡단중,안전운전불이행,포장 - 건조,맑음,단일로 - 기타,이륜,남,21세,상해없음,보행자,남,57세,중상
9153,2020103000100791,2020년 10월 30일 23시,금요일,부산광역시 해운대구 재송동,경상사고,0,0,1,0,차대사람 - 횡단중,신호위반,포장 - 건조,맑음,교차로 - 교차로부근,이륜,남,36세,상해없음,보행자,여,69세,경상
9154,2020103100100022,2020년 10월 31일 01시,토요일,부산광역시 금정구 장전동,경상사고,0,0,1,0,차대사람 - 기타,신호위반,포장 - 건조,맑음,기타 - 기타,승용,남,22세,상해없음,보행자,남,19세,경상
9155,2020103100100165,2020년 10월 31일 10시,토요일,부산광역시 동래구 사직동,경상사고,0,0,1,0,차대사람 - 횡단중,신호위반,포장 - 건조,맑음,교차로 - 교차로안,이륜,남,50세,상해없음,보행자,남,5세,경상
9156,2020103100100166,2020년 10월 31일 10시,토요일,부산광역시 연제구 연산동,경상사고,0,0,1,0,차대사람 - 횡단중,보행자보호의무위반,포장 - 건조,맑음,단일로 - 기타,승용,남,57세,기타불명,보행자,남,17세,경상
9157,2020103100100257,2020년 10월 31일 12시,토요일,부산광역시 부산진구 범천동,경상사고,0,0,1,0,차대사람 - 기타,안전운전불이행,포장 - 건조,맑음,단일로 - 기타,이륜,남,40세,상해없음,보행자,여,26세,경상
9158,2020103100100258,2020년 10월 31일 12시,토요일,부산광역시 금정구 부곡동,경상사고,0,0,1,0,차대사람 - 횡단중,안전운전불이행,포장 - 건조,맑음,교차로 - 교차로부근,승용,남,65세,상해없음,보행자,남,50세,경상
9159,2020103100100289,2020년 10월 31일 13시,토요일,부산광역시 동래구 명장동,중상사고,0,1,0,0,차대사람 - 횡단중,안전운전불이행,포장 - 건조,흐림,교차로 - 교차로부근,승용,남,60세,상해없음,보행자,남,54세,중상
9160,2020103100100601,2020년 10월 31일 20시,토요일,부산광역시 수영구 광안동,경상사고,0,0,1,0,차대사람 - 길가장자리구역통행중,안전운전불이행,포장 - 건조,맑음,단일로 - 기타,승용,남,57세,상해없음,보행자,남,33세,경상
9161,2020103100100659,2020년 10월 31일 22시,토요일,부산광역시 기장군 일광면,경상사고,0,0,1,0,차대사람 - 길가장자리구역통행중,안전운전불이행,포장 - 건조,맑음,단일로 - 기타,기타불명,기타불명,미분류,기타불명,보행자,여,25세,경상
9162,2020103100100692,2020년 10월 31일 23시,토요일,부산광역시 북구 덕천동,중상사고,0,1,0,0,차대사람 - 기타,보행자보호의무위반,포장 - 건조,맑음,단일로 - 기타,승용,남,33세,상해없음,보행자,여,26세,중상
9163,2020110100100169,2020년 11월 1일 12시,일요일,부산광역시 부산진구 양정동,경상사고,0,0,1,0,차대사람 - 횡단중,보행자보호의무위반,포장 - 건조,맑음,단일로 - 기타,승용,남,65세,상해없음,보행자,여,33세,경상
9164,2020110100100171,2020년 11월 1일 12시,일요일,부산광역시 사상구 모라동,부상신고사고,0,0,0,1,차대사람 - 기타,안전운전불이행,포장 - 건조,맑음,단일로 - 기타,승용,남,59세,상해없음,보행자,남,77세,부상신고
9165,2020110100100338,2020년 11월 1일 17시,일요일,부산광역시 수영구 광안동,중상사고,0,1,0,0,차대사람 - 기타,안전운전불이행,포장 - 건조,맑음,교차로 - 교차로부근,승용,남,68세,상해없음,보행자,여,70세,중상
9166,2020110100100455,2020년 11월 1일 20시,일요일,부산광역시 북구 덕천동,경상사고,0,0,1,0,차대사람 - 횡단중,신호위반,포장 - 건조,맑음,단일로 - 기타,원동기,남,20세,상해없음,보행자,여,52세,경상
9167,2020110200100013,2020년 11월 2일 01시,월요일,부산광역시 사하구 하단동,중상사고,0,1,0,0,차대사람 - 횡단중,신호위반,포장 - 젖음/습기,비,단일로 - 기타,이륜,남,32세,상해없음,보행자,남,65세,중상
9168,2020110200100037,2020년 11월 2일 05시,월요일,부산광역시 해운대구 반송동,중상사고,0,1,0,0,차대사람 - 기타,안전운전불이행,포장 - 젖음/습기,비,단일로 - 기타,승용,여,51세,상해없음,보행자,남,32세,중상
9169,2020110200100105,2020년 11월 2일 08시,월요일,부산광역시 연제구 연산동,경상사고,0,0,1,0,차대사람 - 길가장자리구역통행중,안전운전불이행,포장 - 젖음/습기,흐림,단일로 - 기타,승용,여,49세,상해없음,보행자,여,70세,경상
9170,2020110200100142,2020년 11월 2일 09시,월요일,부산광역시 서구 서대신동3가,경상사고,0,0,1,0,차대사람 - 횡단중,안전운전불이행,포장 - 건조,맑음,단일로 - 기타,화물,남,36세,상해없음,보행자,여,82세,경상
9171,2020110200100283,2020년 11월 2일 13시,월요일,부산광역시 부산진구 양정동,부상신고사고,0,0,0,1,차대사람 - 차도통행중,안전운전불이행,포장 - 건조,맑음,교차로 - 교차로안,화물,남,53세,상해없음,보행자,여,67세,부상신고
9172,2020110200100284,2020년 11월 2일 13시,월요일,부산광역시 금정구 서동,경상사고,0,0,1,0,차대사람 - 길가장자리구역통행중,안전운전불이행,포장 - 건조,맑음,단일로 - 기타,승용,남,65세,상해없음,보행자,여,64세,경상
9173,2020110200100315,2020년 11월 2일 14시,월요일,부산광역시 사하구 하단동,경상사고,0,0,1,0,차대사람 - 횡단중,안전운전불이행,포장 - 건조,맑음,교차로 - 교차로부근,승용,여,58세,상해없음,보행자,여,83세,경상
9174,2020110200100316,2020년 11월 2일 14시,월요일,부산광역시 수영구 수영동,경상사고,0,0,2,0,차대사람 - 기타,안전운전불이행,포장 - 건조,맑음,단일로 - 기타,승용,여,50세,상해없음,보행자,여,80세,경상